idx,url,watch_next_idx
8d2005ec35280deb6a438dc87b225f89,https://www.ted.com/talks/ronald_rael_an_architect_s_subversive_reimagining_of_the_us_mexico_border_wall,5bd34fcc55d9e1267f605fa0c060d54e
8d2005ec35280deb6a438dc87b225f89,https://www.ted.com/talks/ronald_rael_an_architect_s_subversive_reimagining_of_the_us_mexico_border_wall,5bd34fcc55d9e1267f605fa0c060d54e
8d2005ec35280deb6a438dc87b225f89,https://www.ted.com/session/new?context=ted.www%2Fwatch-later,9f7b1654e792011b7e1c6f4288520226
8d2005ec35280deb6a438dc87b225f89,https://www.ted.com/talks/megan_campisi_and_pen_pen_chen_what_makes_the_great_wall_of_china_so_extraordinary,fe35edd737282ab3a325f2387cf1b50b
8d2005ec35280deb6a438dc87b225f89,https://www.ted.com/talks/megan_campisi_and_pen_pen_chen_what_makes_the_great_wall_of_china_so_extraordinary,fe35edd737282ab3a325f2387cf1b50b
8d2005ec35280deb6a438dc87b225f89,https://www.ted.com/session/new?context=ted.www%2Fwatch-later,9f7b1654e792011b7e1c6f4288520226
8d2005ec35280deb6a438dc87b225f89,https://www.ted.com/talks/julia_dhar_how_to_disagree_productively_and_find_common_ground,d9896b41b372ec60cdd3c662e57caad3
8d2005ec35280deb6a438dc87b225f89,https://www.ted.com/talks/julia_dhar_how_to_disagree_productively_and_find_common_ground,d9896b41b372ec60cdd3c662e57caad3
8d2005ec35280deb6a438dc87b225f89,https://www.ted.com/session/new?context=ted.www%2Fwatch-later,9f7b1654e792011b7e1c6f4288520226
8d2005ec35280deb6a438dc87b225f89,https://www.ted.com/talks/anna_heringer_the_warmth_and_wisdom_of_mud_buildings,5134ae81a27c94354173f38e84289ad5
8d2005ec35280deb6a438dc87b225f89,https://www.ted.com/talks/anna_heringer_the_warmth_and_wisdom_of_mud_buildings,5134ae81a27c94354173f38e84289ad5
8d2005ec35280deb6a438dc87b225f89,https://www.ted.com/session/new?context=ted.www%2Fwatch-later,9f7b1654e792011b7e1c6f4288520226
b3072cd11f40eb57fd259555264476c6,https://www.ted.com/talks/rabbi_lord_jonathan_sacks_how_we_can_navigate_the_coronavirus_pandemic_with_courage_and_hope,5be32167a2dcc08470287a6029b7e4c5
b3072cd11f40eb57fd259555264476c6,https://www.ted.com/talks/rabbi_lord_jonathan_sacks_how_we_can_navigate_the_coronavirus_pandemic_with_courage_and_hope,5be32167a2dcc08470287a6029b7e4c5
b3072cd11f40eb57fd259555264476c6,https://www.ted.com/session/new?context=ted.www%2Fwatch-later,9f7b1654e792011b7e1c6f4288520226
b3072cd11f40eb57fd259555264476c6,https://www.ted.com/talks/elizabeth_gilbert_your_elusive_creative_genius,5bb4e81e49e07d4bb774545197372f4e
b3072cd11f40eb57fd259555264476c6,https://www.ted.com/talks/elizabeth_gilbert_your_elusive_creative_genius,5bb4e81e49e07d4bb774545197372f4e
b3072cd11f40eb57fd259555264476c6,https://www.ted.com/session/new?context=ted.www%2Fwatch-later,9f7b1654e792011b7e1c6f4288520226
b3072cd11f40eb57fd259555264476c6,https://www.ted.com/talks/susan_david_how_to_be_your_best_self_in_times_of_crisis,cc20b7b4de317a6f4059bd6feb079334
b3072cd11f40eb57fd259555264476c6,https://www.ted.com/talks/susan_david_how_to_be_your_best_self_in_times_of_crisis,cc20b7b4de317a6f4059bd6feb079334
b3072cd11f40eb57fd259555264476c6,https://www.ted.com/session/new?context=ted.www%2Fwatch-later,9f7b1654e792011b7e1c6f4288520226
b3072cd11f40eb57fd259555264476c6,https://www.ted.com/talks/dayananda_saraswati_the_profound_journey_of_compassion,46a2254c4eda643c0829a53053a7cdfd
b3072cd11f40eb57fd259555264476c6,https://www.ted.com/talks/dayananda_saraswati_the_profound_journey_of_compassion,46a2254c4eda643c0829a53053a7cdfd
b3072cd11f40eb57fd259555264476c6,https://www.ted.com/session/new?context=ted.www%2Fwatch-later,9f7b1654e792011b7e1c6f4288520226
b3072cd11f40eb57fd259555264476c6,https://www.ted.com/talks/robert_thurman_expanding_your_circle_of_compassion,d9ebcbf5ad98022b5cbfcb5fde657a54
b3072cd11f40eb57fd259555264476c6,https://www.ted.com/talks/robert_thurman_expanding_your_circle_of_compassion,d9ebcbf5ad98022b5cbfcb5fde657a54
b3072cd11f40eb57fd259555264476c6,https://www.ted.com/session/new?context=ted.www%2Fwatch-later,9f7b1654e792011b7e1c6f4288520226
b3072cd11f40eb57fd259555264476c6,https://www.ted.com/talks/krista_tippett_reconnecting_with_compassion,8d89d66aded71fbd8a860964bf829cba
b3072cd11f40eb57fd259555264476c6,https://www.ted.com/talks/krista_tippett_reconnecting_with_compassion,8d89d66aded71fbd8a860964bf829cba
b3072cd11f40eb57fd259555264476c6,https://www.ted.com/session/new?context=ted.www%2Fwatch-later,9f7b1654e792011b7e1c6f4288520226
4adc9fee977fa04c357ed4c9b52aa3cc,https://www.ted.com/talks/tom_thum_and_matthew_broadhurst_what_happens_in_your_throat_when_you_beatbox,edb909effab1896976984a06df06f94e
4adc9fee977fa04c357ed4c9b52aa3cc,https://www.ted.com/talks/tom_thum_and_matthew_broadhurst_what_happens_in_your_throat_when_you_beatbox,edb909effab1896976984a06df06f94e
4adc9fee977fa04c357ed4c9b52aa3cc,https://www.ted.com/session/new?context=ted.www%2Fwatch-later,9f7b1654e792011b7e1c6f4288520226
4adc9fee977fa04c357ed4c9b52aa3cc,https://www.ted.com/talks/madame_gandhi_and_amber_galloway_gallego_music_with_a_message_should_be_accessible,090a8f3b93c36209b3b3a6a19bfeede5
4adc9fee977fa04c357ed4c9b52aa3cc,https://www.ted.com/talks/madame_gandhi_and_amber_galloway_gallego_music_with_a_message_should_be_accessible,090a8f3b93c36209b3b3a6a19bfeede5
4adc9fee977fa04c357ed4c9b52aa3cc,https://www.ted.com/session/new?context=ted.www%2Fwatch-later,9f7b1654e792011b7e1c6f4288520226
4adc9fee977fa04c357ed4c9b52aa3cc,https://www.ted.com/talks/a_tribe_called_red_we_are_the_halluci_nation,8e6129177f808f12381d5db92813d878
4adc9fee977fa04c357ed4c9b52aa3cc,https://www.ted.com/talks/a_tribe_called_red_we_are_the_halluci_nation,8e6129177f808f12381d5db92813d878
4adc9fee977fa04c357ed4c9b52aa3cc,https://www.ted.com/session/new?context=ted.www%2Fwatch-later,9f7b1654e792011b7e1c6f4288520226
59c641a72b495d522a7932145d6c02b3,https://www.ted.com/talks/steve_silberman_the_forgotten_history_of_autism,c4ad19b569991dd83e7e5c979c229442
59c641a72b495d522a7932145d6c02b3,https://www.ted.com/talks/steve_silberman_the_forgotten_history_of_autism,c4ad19b569991dd83e7e5c979c229442
59c641a72b495d522a7932145d6c02b3,https://www.ted.com/session/new?context=ted.www%2Fwatch-later,9f7b1654e792011b7e1c6f4288520226
59c641a72b495d522a7932145d6c02b3,https://www.ted.com/talks/rosie_king_how_autism_freed_me_to_be_myself,267958f897f1255127fd79f5041274fe
59c641a72b495d522a7932145d6c02b3,https://www.ted.com/talks/rosie_king_how_autism_freed_me_to_be_myself,267958f897f1255127fd79f5041274fe
59c641a72b495d522a7932145d6c02b3,https://www.ted.com/session/new?context=ted.www%2Fwatch-later,9f7b1654e792011b7e1c6f4288520226
59c641a72b495d522a7932145d6c02b3,https://www.ted.com/talks/alix_generous_how_i_learned_to_communicate_my_inner_life_with_asperger_s,ed46c1a3f42ce233267caec9bb1aa9ff
59c641a72b495d522a7932145d6c02b3,https://www.ted.com/talks/alix_generous_how_i_learned_to_communicate_my_inner_life_with_asperger_s,ed46c1a3f42ce233267caec9bb1aa9ff
59c641a72b495d522a7932145d6c02b3,https://www.ted.com/session/new?context=ted.www%2Fwatch-later,9f7b1654e792011b7e1c6f4288520226
59c641a72b495d522a7932145d6c02b3,https://www.ted.com/talks/ami_klin_a_new_way_to_diagnose_autism,16907c1465bfcb82e1e6b94707390587
59c641a72b495d522a7932145d6c02b3,https://www.ted.com/talks/ami_klin_a_new_way_to_diagnose_autism,16907c1465bfcb82e1e6b94707390587
59c641a72b495d522a7932145d6c02b3,https://www.ted.com/session/new?context=ted.www%2Fwatch-later,9f7b1654e792011b7e1c6f4288520226
59c641a72b495d522a7932145d6c02b3,https://www.ted.com/talks/wendy_chung_autism_what_we_know_and_what_we_don_t_know_yet,c91e39cbf4cae6536801d9c6fdc39666
59c641a72b495d522a7932145d6c02b3,https://www.ted.com/talks/wendy_chung_autism_what_we_know_and_what_we_don_t_know_yet,c91e39cbf4cae6536801d9c6fdc39666
59c641a72b495d522a7932145d6c02b3,https://www.ted.com/session/new?context=ted.www%2Fwatch-later,9f7b1654e792011b7e1c6f4288520226
59c641a72b495d522a7932145d6c02b3,https://www.ted.com/talks/faith_jegede_cole_what_i_ve_learned_from_my_autistic_brothers,2c6b552072d9a46ca14aab3daa01c8f2
59c641a72b495d522a7932145d6c02b3,https://www.ted.com/talks/faith_jegede_cole_what_i_ve_learned_from_my_autistic_brothers,2c6b552072d9a46ca14aab3daa01c8f2
59c641a72b495d522a7932145d6c02b3,https://www.ted.com/session/new?context=ted.www%2Fwatch-later,9f7b1654e792011b7e1c6f4288520226
d227f2faf6ec185e54436d86463f499b,https://www.ted.com/talks/daniel_finkel_can_you_solve_the_jail_break_riddle,9bb54051004641e4c52ded50d7d9c19b
d227f2faf6ec185e54436d86463f499b,https://www.ted.com/talks/daniel_finkel_can_you_solve_the_jail_break_riddle,9bb54051004641e4c52ded50d7d9c19b
d227f2faf6ec185e54436d86463f499b,https://www.ted.com/session/new?context=ted.www%2Fwatch-later,9f7b1654e792011b7e1c6f4288520226
d227f2faf6ec185e54436d86463f499b,https://www.ted.com/talks/daniel_finkel_can_you_solve_the_killer_robo_ants_riddle,9f9a104d08ef78e757ab4a82aaa36bd1
d227f2faf6ec185e54436d86463f499b,https://www.ted.com/talks/daniel_finkel_can_you_solve_the_killer_robo_ants_riddle,9f9a104d08ef78e757ab4a82aaa36bd1
d227f2faf6ec185e54436d86463f499b,https://www.ted.com/session/new?context=ted.www%2Fwatch-later,9f7b1654e792011b7e1c6f4288520226
d227f2faf6ec185e54436d86463f499b,https://www.ted.com/talks/alex_gendler_can_you_solve_the_famously_difficult_green_eyed_logic_puzzle,6afaccd288881cf8d2a226dc0b087d61
d227f2faf6ec185e54436d86463f499b,https://www.ted.com/talks/alex_gendler_can_you_solve_the_famously_difficult_green_eyed_logic_puzzle,6afaccd288881cf8d2a226dc0b087d61
d227f2faf6ec185e54436d86463f499b,https://www.ted.com/session/new?context=ted.www%2Fwatch-later,9f7b1654e792011b7e1c6f4288520226
d227f2faf6ec185e54436d86463f499b,https://www.ted.com/talks/dennis_wildfogel_how_big_is_infinity,6a8e0c9d74cf71990844acebdb4c452b
d227f2faf6ec185e54436d86463f499b,https://www.ted.com/talks/dennis_wildfogel_how_big_is_infinity,6a8e0c9d74cf71990844acebdb4c452b
d227f2faf6ec185e54436d86463f499b,https://www.ted.com/session/new?context=ted.www%2Fwatch-later,9f7b1654e792011b7e1c6f4288520226
d227f2faf6ec185e54436d86463f499b,https://www.ted.com/talks/tanya_khovanova_can_you_solve_the_leonardo_da_vinci_riddle,bab7b9d3a93c366bf718417112af5342
d227f2faf6ec185e54436d86463f499b,https://www.ted.com/talks/tanya_khovanova_can_you_solve_the_leonardo_da_vinci_riddle,bab7b9d3a93c366bf718417112af5342
d227f2faf6ec185e54436d86463f499b,https://www.ted.com/session/new?context=ted.www%2Fwatch-later,9f7b1654e792011b7e1c6f4288520226
d227f2faf6ec185e54436d86463f499b,https://www.ted.com/talks/arthur_benjamin_a_performance_of_mathemagic,9032f8f621d7a684c7657fa2433b02c0
d227f2faf6ec185e54436d86463f499b,https://www.ted.com/talks/arthur_benjamin_a_performance_of_mathemagic,9032f8f621d7a684c7657fa2433b02c0
d227f2faf6ec185e54436d86463f499b,https://www.ted.com/session/new?context=ted.www%2Fwatch-later,9f7b1654e792011b7e1c6f4288520226
fe612cc9179e038f97816fce891022a6,https://www.ted.com/talks/dan_kwartler_what_causes_insomnia,a793449d8fe07d8d1f78614e14d73ca2
fe612cc9179e038f97816fce891022a6,https://www.ted.com/talks/dan_kwartler_what_causes_insomnia,a793449d8fe07d8d1f78614e14d73ca2
fe612cc9179e038f97816fce891022a6,https://www.ted.com/session/new?context=ted.www%2Fwatch-later,9f7b1654e792011b7e1c6f4288520226
fe612cc9179e038f97816fce891022a6,https://www.ted.com/talks/matt_walker_sleep_is_your_superpower,5ec17958e6f3117fd2ce8ced8c498241
fe612cc9179e038f97816fce891022a6,https://www.ted.com/talks/matt_walker_sleep_is_your_superpower,5ec17958e6f3117fd2ce8ced8c498241
fe612cc9179e038f97816fce891022a6,https://www.ted.com/session/new?context=ted.www%2Fwatch-later,9f7b1654e792011b7e1c6f4288520226
fe612cc9179e038f97816fce891022a6,https://www.ted.com/talks/bill_gates_how_we_must_respond_to_the_coronavirus_pandemic,801e86946c2329fd5726edc0bb3e963d
fe612cc9179e038f97816fce891022a6,https://www.ted.com/talks/bill_gates_how_we_must_respond_to_the_coronavirus_pandemic,801e86946c2329fd5726edc0bb3e963d
fe612cc9179e038f97816fce891022a6,https://www.ted.com/session/new?context=ted.www%2Fwatch-later,9f7b1654e792011b7e1c6f4288520226
fe612cc9179e038f97816fce891022a6,https://www.ted.com/talks/russell_foster_why_do_we_sleep,558bc071e3f46c9755537339306bd221
fe612cc9179e038f97816fce891022a6,https://www.ted.com/talks/russell_foster_why_do_we_sleep,558bc071e3f46c9755537339306bd221
fe612cc9179e038f97816fce891022a6,https://www.ted.com/session/new?context=ted.www%2Fwatch-later,9f7b1654e792011b7e1c6f4288520226
fe612cc9179e038f97816fce891022a6,https://www.ted.com/talks/greg_gage_how_sound_can_hack_your_memory_while_you_sleep,af3f03894413c668953286776e70fb98
fe612cc9179e038f97816fce891022a6,https://www.ted.com/talks/greg_gage_how_sound_can_hack_your_memory_while_you_sleep,af3f03894413c668953286776e70fb98
fe612cc9179e038f97816fce891022a6,https://www.ted.com/session/new?context=ted.www%2Fwatch-later,9f7b1654e792011b7e1c6f4288520226
fe612cc9179e038f97816fce891022a6,https://www.ted.com/talks/claudia_aguirre_what_would_happen_if_you_didn_t_sleep,9c8d6b0baeb22b359471291363061d42
fe612cc9179e038f97816fce891022a6,https://www.ted.com/talks/claudia_aguirre_what_would_happen_if_you_didn_t_sleep,9c8d6b0baeb22b359471291363061d42
fe612cc9179e038f97816fce891022a6,https://www.ted.com/session/new?context=ted.www%2Fwatch-later,9f7b1654e792011b7e1c6f4288520226
6e67b6ad4cc6b420fe86fb975925fb32,https://www.ted.com/talks/sonia_shah_3_reasons_we_still_haven_t_gotten_rid_of_malaria,f71f395dadd57ac71bf213cd4071e9da
6e67b6ad4cc6b420fe86fb975925fb32,https://www.ted.com/talks/sonia_shah_3_reasons_we_still_haven_t_gotten_rid_of_malaria,f71f395dadd57ac71bf213cd4071e9da
6e67b6ad4cc6b420fe86fb975925fb32,https://www.ted.com/session/new?context=ted.www%2Fwatch-later,9f7b1654e792011b7e1c6f4288520226
6e67b6ad4cc6b420fe86fb975925fb32,https://www.ted.com/talks/bill_gates_how_we_must_respond_to_the_coronavirus_pandemic,801e86946c2329fd5726edc0bb3e963d
6e67b6ad4cc6b420fe86fb975925fb32,https://www.ted.com/talks/bill_gates_how_we_must_respond_to_the_coronavirus_pandemic,801e86946c2329fd5726edc0bb3e963d
6e67b6ad4cc6b420fe86fb975925fb32,https://www.ted.com/session/new?context=ted.www%2Fwatch-later,9f7b1654e792011b7e1c6f4288520226
6e67b6ad4cc6b420fe86fb975925fb32,https://www.ted.com/talks/gary_liu_what_the_world_can_learn_from_china_s_response_to_the_coronavirus,2b48856a1e68b1deaae63aa0eea7b7e9
6e67b6ad4cc6b420fe86fb975925fb32,https://www.ted.com/talks/gary_liu_what_the_world_can_learn_from_china_s_response_to_the_coronavirus,2b48856a1e68b1deaae63aa0eea7b7e9
6e67b6ad4cc6b420fe86fb975925fb32,https://www.ted.com/session/new?context=ted.www%2Fwatch-later,9f7b1654e792011b7e1c6f4288520226
6e67b6ad4cc6b420fe86fb975925fb32,https://www.ted.com/talks/laurie_garrett_lessons_from_the_1918_flu,59882f40e87f61434ec449ec0892718e
6e67b6ad4cc6b420fe86fb975925fb32,https://www.ted.com/talks/laurie_garrett_lessons_from_the_1918_flu,59882f40e87f61434ec449ec0892718e
6e67b6ad4cc6b420fe86fb975925fb32,https://www.ted.com/session/new?context=ted.www%2Fwatch-later,9f7b1654e792011b7e1c6f4288520226
6e67b6ad4cc6b420fe86fb975925fb32,https://www.ted.com/talks/daniel_streicker_what_vaccinating_vampire_bats_can_teach_us_about_pandemics,9542b55449a28df3c8cd7d44866a5c58
6e67b6ad4cc6b420fe86fb975925fb32,https://www.ted.com/talks/daniel_streicker_what_vaccinating_vampire_bats_can_teach_us_about_pandemics,9542b55449a28df3c8cd7d44866a5c58
6e67b6ad4cc6b420fe86fb975925fb32,https://www.ted.com/session/new?context=ted.www%2Fwatch-later,9f7b1654e792011b7e1c6f4288520226
6e67b6ad4cc6b420fe86fb975925fb32,https://www.ted.com/talks/david_heymann_what_we_do_and_don_t_know_about_the_coronavirus,34c18c78deb9e4a7f769eef0a24d47cd
6e67b6ad4cc6b420fe86fb975925fb32,https://www.ted.com/talks/david_heymann_what_we_do_and_don_t_know_about_the_coronavirus,34c18c78deb9e4a7f769eef0a24d47cd
6e67b6ad4cc6b420fe86fb975925fb32,https://www.ted.com/session/new?context=ted.www%2Fwatch-later,9f7b1654e792011b7e1c6f4288520226
c593d7fd658f9ff5bc0c1aee2e9c917e,https://www.ted.com/talks/hindou_oumarou_ibrahim_indigenous_knowledge_meets_science_to_solve_climate_change,0cdccbb0c544e4909e1b4716f52f2280
c593d7fd658f9ff5bc0c1aee2e9c917e,https://www.ted.com/talks/hindou_oumarou_ibrahim_indigenous_knowledge_meets_science_to_solve_climate_change,0cdccbb0c544e4909e1b4716f52f2280
c593d7fd658f9ff5bc0c1aee2e9c917e,https://www.ted.com/session/new?context=ted.www%2Fwatch-later,9f7b1654e792011b7e1c6f4288520226
c593d7fd658f9ff5bc0c1aee2e9c917e,https://www.ted.com/talks/victoria_gill_what_a_nun_can_teach_a_scientist_about_ecology,c4ef6e7dddcd1e2b35d83b236664665c
c593d7fd658f9ff5bc0c1aee2e9c917e,https://www.ted.com/talks/victoria_gill_what_a_nun_can_teach_a_scientist_about_ecology,c4ef6e7dddcd1e2b35d83b236664665c
c593d7fd658f9ff5bc0c1aee2e9c917e,https://www.ted.com/session/new?context=ted.www%2Fwatch-later,9f7b1654e792011b7e1c6f4288520226
c593d7fd658f9ff5bc0c1aee2e9c917e,https://www.ted.com/talks/tshering_tobgay_an_urgent_call_to_protect_the_world_s_third_pole,0427d0e1f6c6c08357106e09d4d2cb1a
c593d7fd658f9ff5bc0c1aee2e9c917e,https://www.ted.com/talks/tshering_tobgay_an_urgent_call_to_protect_the_world_s_third_pole,0427d0e1f6c6c08357106e09d4d2cb1a
c593d7fd658f9ff5bc0c1aee2e9c917e,https://www.ted.com/session/new?context=ted.www%2Fwatch-later,9f7b1654e792011b7e1c6f4288520226
c593d7fd658f9ff5bc0c1aee2e9c917e,https://www.ted.com/talks/jaap_de_roode_how_butterflies_self_medicate,5d14b07af02842aa999cdf61c9a253a5
c593d7fd658f9ff5bc0c1aee2e9c917e,https://www.ted.com/talks/jaap_de_roode_how_butterflies_self_medicate,5d14b07af02842aa999cdf61c9a253a5
c593d7fd658f9ff5bc0c1aee2e9c917e,https://www.ted.com/session/new?context=ted.www%2Fwatch-later,9f7b1654e792011b7e1c6f4288520226
c593d7fd658f9ff5bc0c1aee2e9c917e,https://www.ted.com/talks/shimon_steinberg_natural_pest_control_using_bugs,983c58018bfc964c98f747c526b3304c
c593d7fd658f9ff5bc0c1aee2e9c917e,https://www.ted.com/talks/shimon_steinberg_natural_pest_control_using_bugs,983c58018bfc964c98f747c526b3304c
c593d7fd658f9ff5bc0c1aee2e9c917e,https://www.ted.com/session/new?context=ted.www%2Fwatch-later,9f7b1654e792011b7e1c6f4288520226
c593d7fd658f9ff5bc0c1aee2e9c917e,https://www.ted.com/talks/anne_gaskett_the_sexual_deception_of_orchids,a7774a8ce8a13d10be955fc3974d9f0e
c593d7fd658f9ff5bc0c1aee2e9c917e,https://www.ted.com/talks/anne_gaskett_the_sexual_deception_of_orchids,a7774a8ce8a13d10be955fc3974d9f0e
c593d7fd658f9ff5bc0c1aee2e9c917e,https://www.ted.com/session/new?context=ted.www%2Fwatch-later,9f7b1654e792011b7e1c6f4288520226
8c1fad5ce0dab8908dee527f88697ce2,https://www.ted.com/talks/alex_gendler_history_vs_christopher_columbus,43014f52663d1cf317a606b9c4dfe2fd
8c1fad5ce0dab8908dee527f88697ce2,https://www.ted.com/talks/alex_gendler_history_vs_christopher_columbus,43014f52663d1cf317a606b9c4dfe2fd
8c1fad5ce0dab8908dee527f88697ce2,https://www.ted.com/session/new?context=ted.www%2Fwatch-later,9f7b1654e792011b7e1c6f4288520226
8c1fad5ce0dab8908dee527f88697ce2,https://www.ted.com/talks/janja_lalich_why_do_people_join_cults,44996a194bdb3498a61f3cae3a5a1389
8c1fad5ce0dab8908dee527f88697ce2,https://www.ted.com/talks/janja_lalich_why_do_people_join_cults,44996a194bdb3498a61f3cae3a5a1389
8c1fad5ce0dab8908dee527f88697ce2,https://www.ted.com/session/new?context=ted.www%2Fwatch-later,9f7b1654e792011b7e1c6f4288520226
8c1fad5ce0dab8908dee527f88697ce2,https://www.ted.com/talks/mark_robinson_and_alex_gendler_history_vs_henry_viii,9d7e0fbafa4023ef33c5b2e34984b823
8c1fad5ce0dab8908dee527f88697ce2,https://www.ted.com/talks/mark_robinson_and_alex_gendler_history_vs_henry_viii,9d7e0fbafa4023ef33c5b2e34984b823
8c1fad5ce0dab8908dee527f88697ce2,https://www.ted.com/session/new?context=ted.www%2Fwatch-later,9f7b1654e792011b7e1c6f4288520226
8c1fad5ce0dab8908dee527f88697ce2,https://www.ted.com/talks/rick_doblin_the_future_of_psychedelic_assisted_psychotherapy,ba6ec23bd21321897864007e384b96f8
8c1fad5ce0dab8908dee527f88697ce2,https://www.ted.com/talks/rick_doblin_the_future_of_psychedelic_assisted_psychotherapy,ba6ec23bd21321897864007e384b96f8
8c1fad5ce0dab8908dee527f88697ce2,https://www.ted.com/session/new?context=ted.www%2Fwatch-later,9f7b1654e792011b7e1c6f4288520226
8c1fad5ce0dab8908dee527f88697ce2,https://www.ted.com/talks/damion_searls_how_does_the_rorschach_inkblot_test_work,95149330b7794a19986735bf6e391ead
8c1fad5ce0dab8908dee527f88697ce2,https://www.ted.com/talks/damion_searls_how_does_the_rorschach_inkblot_test_work,95149330b7794a19986735bf6e391ead
8c1fad5ce0dab8908dee527f88697ce2,https://www.ted.com/session/new?context=ted.www%2Fwatch-later,9f7b1654e792011b7e1c6f4288520226
8c1fad5ce0dab8908dee527f88697ce2,https://www.ted.com/talks/jennifer_brea_what_happens_when_you_have_a_disease_doctors_can_t_diagnose,c3023b5ede765fb361f73a5772bd72cd
8c1fad5ce0dab8908dee527f88697ce2,https://www.ted.com/talks/jennifer_brea_what_happens_when_you_have_a_disease_doctors_can_t_diagnose,c3023b5ede765fb361f73a5772bd72cd
8c1fad5ce0dab8908dee527f88697ce2,https://www.ted.com/session/new?context=ted.www%2Fwatch-later,9f7b1654e792011b7e1c6f4288520226
5be32167a2dcc08470287a6029b7e4c5,https://www.ted.com/talks/rabbi_lord_jonathan_sacks_how_we_can_face_the_future_without_fear_together,396f4daa2aa5b76bfa206815ac5abf58
5be32167a2dcc08470287a6029b7e4c5,https://www.ted.com/talks/rabbi_lord_jonathan_sacks_how_we_can_face_the_future_without_fear_together,396f4daa2aa5b76bfa206815ac5abf58
5be32167a2dcc08470287a6029b7e4c5,https://www.ted.com/session/new?context=ted.www%2Fwatch-later,9f7b1654e792011b7e1c6f4288520226
5be32167a2dcc08470287a6029b7e4c5,https://www.ted.com/talks/priya_parker_how_to_create_meaningful_connections_while_apart,586938c5a53d9b916498a893248a5da3
5be32167a2dcc08470287a6029b7e4c5,https://www.ted.com/talks/priya_parker_how_to_create_meaningful_connections_while_apart,586938c5a53d9b916498a893248a5da3
5be32167a2dcc08470287a6029b7e4c5,https://www.ted.com/session/new?context=ted.www%2Fwatch-later,9f7b1654e792011b7e1c6f4288520226
5be32167a2dcc08470287a6029b7e4c5,https://www.ted.com/talks/bill_gates_how_we_must_respond_to_the_coronavirus_pandemic,801e86946c2329fd5726edc0bb3e963d
5be32167a2dcc08470287a6029b7e4c5,https://www.ted.com/talks/bill_gates_how_we_must_respond_to_the_coronavirus_pandemic,801e86946c2329fd5726edc0bb3e963d
5be32167a2dcc08470287a6029b7e4c5,https://www.ted.com/session/new?context=ted.www%2Fwatch-later,9f7b1654e792011b7e1c6f4288520226
5be32167a2dcc08470287a6029b7e4c5,https://www.ted.com/talks/billy_graham_on_technology_and_faith,1b3e4dffb20580968dd536fa0c0d6741
5be32167a2dcc08470287a6029b7e4c5,https://www.ted.com/talks/billy_graham_on_technology_and_faith,1b3e4dffb20580968dd536fa0c0d6741
5be32167a2dcc08470287a6029b7e4c5,https://www.ted.com/session/new?context=ted.www%2Fwatch-later,9f7b1654e792011b7e1c6f4288520226
5be32167a2dcc08470287a6029b7e4c5,https://www.ted.com/talks/gordon_brown_wiring_a_web_for_global_good,1f19c01a1da523cc75fe31f2f79679df
5be32167a2dcc08470287a6029b7e4c5,https://www.ted.com/talks/gordon_brown_wiring_a_web_for_global_good,1f19c01a1da523cc75fe31f2f79679df
5be32167a2dcc08470287a6029b7e4c5,https://www.ted.com/session/new?context=ted.www%2Fwatch-later,9f7b1654e792011b7e1c6f4288520226
5be32167a2dcc08470287a6029b7e4c5,https://www.ted.com/talks/katherine_fulton_you_are_the_future_of_philanthropy,e80a52113788d09933752e1ab97a2b1c
5be32167a2dcc08470287a6029b7e4c5,https://www.ted.com/talks/katherine_fulton_you_are_the_future_of_philanthropy,e80a52113788d09933752e1ab97a2b1c
5be32167a2dcc08470287a6029b7e4c5,https://www.ted.com/session/new?context=ted.www%2Fwatch-later,9f7b1654e792011b7e1c6f4288520226
fa2133f1e5a865a5a5044777824fe147,https://www.ted.com/talks/robin_steinberg_what_if_we_ended_the_injustice_of_bail,ea02f4ed29b8735f57a67dcf88203fe0
fa2133f1e5a865a5a5044777824fe147,https://www.ted.com/talks/robin_steinberg_what_if_we_ended_the_injustice_of_bail,ea02f4ed29b8735f57a67dcf88203fe0
fa2133f1e5a865a5a5044777824fe147,https://www.ted.com/session/new?context=ted.www%2Fwatch-later,9f7b1654e792011b7e1c6f4288520226
fa2133f1e5a865a5a5044777824fe147,https://www.ted.com/talks/laura_rovner_what_happens_to_people_in_solitary_confinement,fc7e034529bbea816687c41a598927e0
fa2133f1e5a865a5a5044777824fe147,https://www.ted.com/talks/laura_rovner_what_happens_to_people_in_solitary_confinement,fc7e034529bbea816687c41a598927e0
fa2133f1e5a865a5a5044777824fe147,https://www.ted.com/session/new?context=ted.www%2Fwatch-later,9f7b1654e792011b7e1c6f4288520226
fa2133f1e5a865a5a5044777824fe147,https://www.ted.com/talks/angie_murimirwa_how_repaying_loans_with_social_service_transforms_communities,0074c1012512e2dcf400b1e9c035208e
fa2133f1e5a865a5a5044777824fe147,https://www.ted.com/talks/angie_murimirwa_how_repaying_loans_with_social_service_transforms_communities,0074c1012512e2dcf400b1e9c035208e
fa2133f1e5a865a5a5044777824fe147,https://www.ted.com/session/new?context=ted.www%2Fwatch-later,9f7b1654e792011b7e1c6f4288520226
fa2133f1e5a865a5a5044777824fe147,https://www.ted.com/talks/adam_foss_a_prosecutor_s_vision_for_a_better_justice_system,a5af0198efbe7ac1ef9504793234489a
fa2133f1e5a865a5a5044777824fe147,https://www.ted.com/talks/adam_foss_a_prosecutor_s_vision_for_a_better_justice_system,a5af0198efbe7ac1ef9504793234489a
fa2133f1e5a865a5a5044777824fe147,https://www.ted.com/session/new?context=ted.www%2Fwatch-later,9f7b1654e792011b7e1c6f4288520226
fa2133f1e5a865a5a5044777824fe147,https://www.ted.com/talks/eve_abrams_the_human_stories_behind_mass_incarceration,1b49ac40f3c8621f5cadd5d0a5445791
fa2133f1e5a865a5a5044777824fe147,https://www.ted.com/talks/eve_abrams_the_human_stories_behind_mass_incarceration,1b49ac40f3c8621f5cadd5d0a5445791
fa2133f1e5a865a5a5044777824fe147,https://www.ted.com/session/new?context=ted.www%2Fwatch-later,9f7b1654e792011b7e1c6f4288520226
fa2133f1e5a865a5a5044777824fe147,https://www.ted.com/talks/victoria_pratt_how_judges_can_show_respect,33a058842fa1146425c93a59f1205406
fa2133f1e5a865a5a5044777824fe147,https://www.ted.com/talks/victoria_pratt_how_judges_can_show_respect,33a058842fa1146425c93a59f1205406
fa2133f1e5a865a5a5044777824fe147,https://www.ted.com/session/new?context=ted.www%2Fwatch-later,9f7b1654e792011b7e1c6f4288520226
586938c5a53d9b916498a893248a5da3,https://www.ted.com/talks/priya_parker_3_steps_to_turn_everyday_get_togethers_into_transformative_gatherings,913239918e13269c53d81472dead1793
586938c5a53d9b916498a893248a5da3,https://www.ted.com/talks/priya_parker_3_steps_to_turn_everyday_get_togethers_into_transformative_gatherings,913239918e13269c53d81472dead1793
586938c5a53d9b916498a893248a5da3,https://www.ted.com/session/new?context=ted.www%2Fwatch-later,9f7b1654e792011b7e1c6f4288520226
586938c5a53d9b916498a893248a5da3,https://www.ted.com/talks/susan_david_how_to_be_your_best_self_in_times_of_crisis,cc20b7b4de317a6f4059bd6feb079334
586938c5a53d9b916498a893248a5da3,https://www.ted.com/talks/susan_david_how_to_be_your_best_self_in_times_of_crisis,cc20b7b4de317a6f4059bd6feb079334
586938c5a53d9b916498a893248a5da3,https://www.ted.com/session/new?context=ted.www%2Fwatch-later,9f7b1654e792011b7e1c6f4288520226
586938c5a53d9b916498a893248a5da3,https://www.ted.com/talks/bill_gates_how_we_must_respond_to_the_coronavirus_pandemic,801e86946c2329fd5726edc0bb3e963d
586938c5a53d9b916498a893248a5da3,https://www.ted.com/talks/bill_gates_how_we_must_respond_to_the_coronavirus_pandemic,801e86946c2329fd5726edc0bb3e963d
586938c5a53d9b916498a893248a5da3,https://www.ted.com/session/new?context=ted.www%2Fwatch-later,9f7b1654e792011b7e1c6f4288520226
586938c5a53d9b916498a893248a5da3,https://www.ted.com/talks/sherry_turkle_connected_but_alone,a0469162f7f15fe9e133b7a0c08f11c8
586938c5a53d9b916498a893248a5da3,https://www.ted.com/talks/sherry_turkle_connected_but_alone,a0469162f7f15fe9e133b7a0c08f11c8
586938c5a53d9b916498a893248a5da3,https://www.ted.com/session/new?context=ted.www%2Fwatch-later,9f7b1654e792011b7e1c6f4288520226
586938c5a53d9b916498a893248a5da3,https://www.ted.com/talks/philip_rosedale_life_in_second_life,230a3b81c95671f861ce95928a3bc216
586938c5a53d9b916498a893248a5da3,https://www.ted.com/talks/philip_rosedale_life_in_second_life,230a3b81c95671f861ce95928a3bc216
586938c5a53d9b916498a893248a5da3,https://www.ted.com/session/new?context=ted.www%2Fwatch-later,9f7b1654e792011b7e1c6f4288520226
586938c5a53d9b916498a893248a5da3,https://www.ted.com/talks/kare_anderson_be_an_opportunity_maker,fbb7f6dfce3a895557eb3e39499c6e8d
586938c5a53d9b916498a893248a5da3,https://www.ted.com/talks/kare_anderson_be_an_opportunity_maker,fbb7f6dfce3a895557eb3e39499c6e8d
586938c5a53d9b916498a893248a5da3,https://www.ted.com/session/new?context=ted.www%2Fwatch-later,9f7b1654e792011b7e1c6f4288520226
09704782c2fd58e9198a4cc8f04e30d0,https://www.ted.com/talks/alex_gendler_epic_engineering_building_the_brooklyn_bridge,322fec9c9085abe109b66c421847b5b0
09704782c2fd58e9198a4cc8f04e30d0,https://www.ted.com/talks/alex_gendler_epic_engineering_building_the_brooklyn_bridge,322fec9c9085abe109b66c421847b5b0
09704782c2fd58e9198a4cc8f04e30d0,https://www.ted.com/session/new?context=ted.www%2Fwatch-later,9f7b1654e792011b7e1c6f4288520226
09704782c2fd58e9198a4cc8f04e30d0,https://www.ted.com/talks/congrui_jin_what_if_cracks_in_concrete_could_fix_themselves,4cb3c8986dbf3eef7a997fc89660a487
09704782c2fd58e9198a4cc8f04e30d0,https://www.ted.com/talks/congrui_jin_what_if_cracks_in_concrete_could_fix_themselves,4cb3c8986dbf3eef7a997fc89660a487
09704782c2fd58e9198a4cc8f04e30d0,https://www.ted.com/session/new?context=ted.www%2Fwatch-later,9f7b1654e792011b7e1c6f4288520226
09704782c2fd58e9198a4cc8f04e30d0,https://www.ted.com/talks/benedetta_berti_and_evelien_borgman_what_does_it_mean_to_be_a_refugee_feb_2018,e8274bf7ed4f4e9bf1c024d18445822a
09704782c2fd58e9198a4cc8f04e30d0,https://www.ted.com/talks/benedetta_berti_and_evelien_borgman_what_does_it_mean_to_be_a_refugee_feb_2018,e8274bf7ed4f4e9bf1c024d18445822a
09704782c2fd58e9198a4cc8f04e30d0,https://www.ted.com/session/new?context=ted.www%2Fwatch-later,9f7b1654e792011b7e1c6f4288520226
09704782c2fd58e9198a4cc8f04e30d0,https://www.ted.com/talks/elon_musk_the_future_we_re_building_and_boring,c74260d99f67a5a2660221976aedd8ef
09704782c2fd58e9198a4cc8f04e30d0,https://www.ted.com/talks/elon_musk_the_future_we_re_building_and_boring,c74260d99f67a5a2660221976aedd8ef
09704782c2fd58e9198a4cc8f04e30d0,https://www.ted.com/session/new?context=ted.www%2Fwatch-later,9f7b1654e792011b7e1c6f4288520226
09704782c2fd58e9198a4cc8f04e30d0,https://www.ted.com/talks/dame_ellen_macarthur_the_surprising_thing_i_learned_sailing_solo_around_the_world,77c0ebee5d5a3e9d7dd82adf39104d15
09704782c2fd58e9198a4cc8f04e30d0,https://www.ted.com/talks/dame_ellen_macarthur_the_surprising_thing_i_learned_sailing_solo_around_the_world,77c0ebee5d5a3e9d7dd82adf39104d15
09704782c2fd58e9198a4cc8f04e30d0,https://www.ted.com/session/new?context=ted.www%2Fwatch-later,9f7b1654e792011b7e1c6f4288520226
09704782c2fd58e9198a4cc8f04e30d0,https://www.ted.com/talks/alex_gendler_why_doesn_t_the_leaning_tower_of_pisa_fall_over,a33a179396b2f700fcabe74a7ac5ca64
09704782c2fd58e9198a4cc8f04e30d0,https://www.ted.com/talks/alex_gendler_why_doesn_t_the_leaning_tower_of_pisa_fall_over,a33a179396b2f700fcabe74a7ac5ca64
09704782c2fd58e9198a4cc8f04e30d0,https://www.ted.com/session/new?context=ted.www%2Fwatch-later,9f7b1654e792011b7e1c6f4288520226
d564abb00bb146ff75c7ed2d9b48aadc,https://www.ted.com/talks/isabel_allende_tales_of_passion,5645cb39c97db25d22659534a3a5a29b
d564abb00bb146ff75c7ed2d9b48aadc,https://www.ted.com/talks/isabel_allende_tales_of_passion,5645cb39c97db25d22659534a3a5a29b
d564abb00bb146ff75c7ed2d9b48aadc,https://www.ted.com/session/new?context=ted.www%2Fwatch-later,9f7b1654e792011b7e1c6f4288520226
d564abb00bb146ff75c7ed2d9b48aadc,https://www.ted.com/talks/jude_kelly_why_women_should_tell_the_stories_of_humanity,6fc54f803d8d43a39211f68d19a6c68a
d564abb00bb146ff75c7ed2d9b48aadc,https://www.ted.com/talks/jude_kelly_why_women_should_tell_the_stories_of_humanity,6fc54f803d8d43a39211f68d19a6c68a
d564abb00bb146ff75c7ed2d9b48aadc,https://www.ted.com/session/new?context=ted.www%2Fwatch-later,9f7b1654e792011b7e1c6f4288520226
d564abb00bb146ff75c7ed2d9b48aadc,https://www.ted.com/talks/kavita_ramdas_radical_women_embracing_tradition,1bc1cc4092a4f44963a9ad8396b24bbb
d564abb00bb146ff75c7ed2d9b48aadc,https://www.ted.com/talks/kavita_ramdas_radical_women_embracing_tradition,1bc1cc4092a4f44963a9ad8396b24bbb
d564abb00bb146ff75c7ed2d9b48aadc,https://www.ted.com/session/new?context=ted.www%2Fwatch-later,9f7b1654e792011b7e1c6f4288520226
d564abb00bb146ff75c7ed2d9b48aadc,https://www.ted.com/talks/anne_marie_slaughter_can_we_all_have_it_all,476664d537c5866bba40ff10b5a0f35a
d564abb00bb146ff75c7ed2d9b48aadc,https://www.ted.com/talks/anne_marie_slaughter_can_we_all_have_it_all,476664d537c5866bba40ff10b5a0f35a
d564abb00bb146ff75c7ed2d9b48aadc,https://www.ted.com/session/new?context=ted.www%2Fwatch-later,9f7b1654e792011b7e1c6f4288520226
d564abb00bb146ff75c7ed2d9b48aadc,https://www.ted.com/talks/michelle_obama_a_passionate_personal_case_for_education,de3708320f0cf720899165c4a51595ff
d564abb00bb146ff75c7ed2d9b48aadc,https://www.ted.com/talks/michelle_obama_a_passionate_personal_case_for_education,de3708320f0cf720899165c4a51595ff
d564abb00bb146ff75c7ed2d9b48aadc,https://www.ted.com/session/new?context=ted.www%2Fwatch-later,9f7b1654e792011b7e1c6f4288520226
d564abb00bb146ff75c7ed2d9b48aadc,https://www.ted.com/talks/hanna_rosin_new_data_on_the_rise_of_women,7aa53ea3667a2d0692a37c6372272b8a
d564abb00bb146ff75c7ed2d9b48aadc,https://www.ted.com/talks/hanna_rosin_new_data_on_the_rise_of_women,7aa53ea3667a2d0692a37c6372272b8a
d564abb00bb146ff75c7ed2d9b48aadc,https://www.ted.com/session/new?context=ted.www%2Fwatch-later,9f7b1654e792011b7e1c6f4288520226
9d3f203c5a8a124ec5a1b21fe3ad1842,https://www.ted.com/talks/naomi_mcdougall_jones_what_it_s_like_to_be_a_woman_in_hollywood,0f13b0475681bb49c1fa7555ce607f59
9d3f203c5a8a124ec5a1b21fe3ad1842,https://www.ted.com/talks/naomi_mcdougall_jones_what_it_s_like_to_be_a_woman_in_hollywood,0f13b0475681bb49c1fa7555ce607f59
9d3f203c5a8a124ec5a1b21fe3ad1842,https://www.ted.com/session/new?context=ted.www%2Fwatch-later,9f7b1654e792011b7e1c6f4288520226
9d3f203c5a8a124ec5a1b21fe3ad1842,https://www.ted.com/talks/stacy_smith_the_data_behind_hollywood_s_sexism,54edea4ada10006ca2fc288da45c8728
9d3f203c5a8a124ec5a1b21fe3ad1842,https://www.ted.com/talks/stacy_smith_the_data_behind_hollywood_s_sexism,54edea4ada10006ca2fc288da45c8728
9d3f203c5a8a124ec5a1b21fe3ad1842,https://www.ted.com/session/new?context=ted.www%2Fwatch-later,9f7b1654e792011b7e1c6f4288520226
9d3f203c5a8a124ec5a1b21fe3ad1842,https://www.ted.com/talks/beeban_kidron_the_shared_wonder_of_film,1701287275e0a53bd8e72331aa0ae819
9d3f203c5a8a124ec5a1b21fe3ad1842,https://www.ted.com/talks/beeban_kidron_the_shared_wonder_of_film,1701287275e0a53bd8e72331aa0ae819
9d3f203c5a8a124ec5a1b21fe3ad1842,https://www.ted.com/session/new?context=ted.www%2Fwatch-later,9f7b1654e792011b7e1c6f4288520226
9d3f203c5a8a124ec5a1b21fe3ad1842,https://www.ted.com/talks/franco_sacchi_a_tour_of_nollywood_nigeria_s_booming_film_industry,d20b2a142364fbba53f590898b4a7559
9d3f203c5a8a124ec5a1b21fe3ad1842,https://www.ted.com/talks/franco_sacchi_a_tour_of_nollywood_nigeria_s_booming_film_industry,d20b2a142364fbba53f590898b4a7559
9d3f203c5a8a124ec5a1b21fe3ad1842,https://www.ted.com/session/new?context=ted.www%2Fwatch-later,9f7b1654e792011b7e1c6f4288520226
9d3f203c5a8a124ec5a1b21fe3ad1842,https://www.ted.com/talks/jeff_skoll_my_journey_into_movies_that_matter,f39139aa252b17587cde582d58bfd5fb
9d3f203c5a8a124ec5a1b21fe3ad1842,https://www.ted.com/talks/jeff_skoll_my_journey_into_movies_that_matter,f39139aa252b17587cde582d58bfd5fb
9d3f203c5a8a124ec5a1b21fe3ad1842,https://www.ted.com/session/new?context=ted.www%2Fwatch-later,9f7b1654e792011b7e1c6f4288520226
9d3f203c5a8a124ec5a1b21fe3ad1842,https://www.ted.com/talks/martin_villeneuve_how_i_made_an_impossible_film,3dffb5d4f60ac9fecb3bc9f4f285bc21
9d3f203c5a8a124ec5a1b21fe3ad1842,https://www.ted.com/talks/martin_villeneuve_how_i_made_an_impossible_film,3dffb5d4f60ac9fecb3bc9f4f285bc21
9d3f203c5a8a124ec5a1b21fe3ad1842,https://www.ted.com/session/new?context=ted.www%2Fwatch-later,9f7b1654e792011b7e1c6f4288520226
c8a830e0143916293557b7276958ac48,https://www.ted.com/talks/reshma_saujani_teach_girls_bravery_not_perfection,e430506d89c3a327a579420984e3b92d
c8a830e0143916293557b7276958ac48,https://www.ted.com/talks/reshma_saujani_teach_girls_bravery_not_perfection,e430506d89c3a327a579420984e3b92d
c8a830e0143916293557b7276958ac48,https://www.ted.com/session/new?context=ted.www%2Fwatch-later,9f7b1654e792011b7e1c6f4288520226
c8a830e0143916293557b7276958ac48,https://www.ted.com/talks/dame_stephanie_shirley_why_do_ambitious_women_have_flat_heads,d51ee313904bebd4e7c61c3cc09e3bcf
c8a830e0143916293557b7276958ac48,https://www.ted.com/talks/dame_stephanie_shirley_why_do_ambitious_women_have_flat_heads,d51ee313904bebd4e7c61c3cc09e3bcf
c8a830e0143916293557b7276958ac48,https://www.ted.com/session/new?context=ted.www%2Fwatch-later,9f7b1654e792011b7e1c6f4288520226
c8a830e0143916293557b7276958ac48,https://www.ted.com/talks/haley_van_dyck_how_a_start_up_in_the_white_house_is_changing_business_as_usual,6bab9683f8f5b8a28a4667b8c0c0846c
c8a830e0143916293557b7276958ac48,https://www.ted.com/talks/haley_van_dyck_how_a_start_up_in_the_white_house_is_changing_business_as_usual,6bab9683f8f5b8a28a4667b8c0c0846c
c8a830e0143916293557b7276958ac48,https://www.ted.com/session/new?context=ted.www%2Fwatch-later,9f7b1654e792011b7e1c6f4288520226
c8a830e0143916293557b7276958ac48,https://www.ted.com/talks/peter_hirshberg_the_web_is_more_than_better_tv,d410edfac31c9183f23f9751e9077a63
c8a830e0143916293557b7276958ac48,https://www.ted.com/talks/peter_hirshberg_the_web_is_more_than_better_tv,d410edfac31c9183f23f9751e9077a63
c8a830e0143916293557b7276958ac48,https://www.ted.com/session/new?context=ted.www%2Fwatch-later,9f7b1654e792011b7e1c6f4288520226
c8a830e0143916293557b7276958ac48,https://www.ted.com/talks/clay_shirky_how_the_internet_will_one_day_transform_government,ecffed768b0bd29447336446ba684728
c8a830e0143916293557b7276958ac48,https://www.ted.com/talks/clay_shirky_how_the_internet_will_one_day_transform_government,ecffed768b0bd29447336446ba684728
c8a830e0143916293557b7276958ac48,https://www.ted.com/session/new?context=ted.www%2Fwatch-later,9f7b1654e792011b7e1c6f4288520226
c8a830e0143916293557b7276958ac48,https://www.ted.com/talks/nighat_dad_how_pakistani_women_are_taking_the_internet_back,29d4c5ec1b42059f50be6bd969f6c7a9
c8a830e0143916293557b7276958ac48,https://www.ted.com/talks/nighat_dad_how_pakistani_women_are_taking_the_internet_back,29d4c5ec1b42059f50be6bd969f6c7a9
c8a830e0143916293557b7276958ac48,https://www.ted.com/session/new?context=ted.www%2Fwatch-later,9f7b1654e792011b7e1c6f4288520226
f5ae6143fa79ba55deb5e9e720b4c681,https://www.ted.com/talks/seth_berkley_the_troubling_reason_why_vaccines_are_made_too_late_if_they_re_made_at_all,d7640cc2cdfb2cacfa3763e93e419c34
f5ae6143fa79ba55deb5e9e720b4c681,https://www.ted.com/talks/seth_berkley_the_troubling_reason_why_vaccines_are_made_too_late_if_they_re_made_at_all,d7640cc2cdfb2cacfa3763e93e419c34
f5ae6143fa79ba55deb5e9e720b4c681,https://www.ted.com/session/new?context=ted.www%2Fwatch-later,9f7b1654e792011b7e1c6f4288520226
f5ae6143fa79ba55deb5e9e720b4c681,https://www.ted.com/talks/bill_gates_how_we_must_respond_to_the_coronavirus_pandemic,801e86946c2329fd5726edc0bb3e963d
f5ae6143fa79ba55deb5e9e720b4c681,https://www.ted.com/talks/bill_gates_how_we_must_respond_to_the_coronavirus_pandemic,801e86946c2329fd5726edc0bb3e963d
f5ae6143fa79ba55deb5e9e720b4c681,https://www.ted.com/session/new?context=ted.www%2Fwatch-later,9f7b1654e792011b7e1c6f4288520226
f5ae6143fa79ba55deb5e9e720b4c681,https://www.ted.com/talks/alanna_shaikh_why_covid_19_is_hitting_us_now_and_how_to_prepare_for_the_next_outbreak,1e7aa4ab0c99b7ae0939079e546ca811
f5ae6143fa79ba55deb5e9e720b4c681,https://www.ted.com/talks/alanna_shaikh_why_covid_19_is_hitting_us_now_and_how_to_prepare_for_the_next_outbreak,1e7aa4ab0c99b7ae0939079e546ca811
f5ae6143fa79ba55deb5e9e720b4c681,https://www.ted.com/session/new?context=ted.www%2Fwatch-later,9f7b1654e792011b7e1c6f4288520226
f5ae6143fa79ba55deb5e9e720b4c681,https://www.ted.com/talks/romina_libster_the_power_of_herd_immunity,9e3a9622466599c450be840b1aea3abf
f5ae6143fa79ba55deb5e9e720b4c681,https://www.ted.com/talks/romina_libster_the_power_of_herd_immunity,9e3a9622466599c450be840b1aea3abf
f5ae6143fa79ba55deb5e9e720b4c681,https://www.ted.com/session/new?context=ted.www%2Fwatch-later,9f7b1654e792011b7e1c6f4288520226
f5ae6143fa79ba55deb5e9e720b4c681,https://www.ted.com/talks/david_heymann_what_we_do_and_don_t_know_about_the_coronavirus,34c18c78deb9e4a7f769eef0a24d47cd
f5ae6143fa79ba55deb5e9e720b4c681,https://www.ted.com/talks/david_heymann_what_we_do_and_don_t_know_about_the_coronavirus,34c18c78deb9e4a7f769eef0a24d47cd
f5ae6143fa79ba55deb5e9e720b4c681,https://www.ted.com/session/new?context=ted.www%2Fwatch-later,9f7b1654e792011b7e1c6f4288520226
f5ae6143fa79ba55deb5e9e720b4c681,https://www.ted.com/talks/bill_gates_the_next_outbreak_we_re_not_ready,d76a64163ba63feb27f2b612b0ef1999
f5ae6143fa79ba55deb5e9e720b4c681,https://www.ted.com/talks/bill_gates_the_next_outbreak_we_re_not_ready,d76a64163ba63feb27f2b612b0ef1999
f5ae6143fa79ba55deb5e9e720b4c681,https://www.ted.com/session/new?context=ted.www%2Fwatch-later,9f7b1654e792011b7e1c6f4288520226
0cdccbb0c544e4909e1b4716f52f2280,https://www.ted.com/talks/kelsey_leonard_why_lakes_and_rivers_should_have_the_same_rights_as_humans,16e8d15e1ca25f6553da05ba2b2b8a7c
0cdccbb0c544e4909e1b4716f52f2280,https://www.ted.com/talks/kelsey_leonard_why_lakes_and_rivers_should_have_the_same_rights_as_humans,16e8d15e1ca25f6553da05ba2b2b8a7c
0cdccbb0c544e4909e1b4716f52f2280,https://www.ted.com/session/new?context=ted.www%2Fwatch-later,9f7b1654e792011b7e1c6f4288520226
0cdccbb0c544e4909e1b4716f52f2280,https://www.ted.com/talks/tashka_and_laura_yawanawa_the_amazon_belongs_to_humanity_let_s_protect_it_together,c0d280d12873124e7d1f15a104ec0454
0cdccbb0c544e4909e1b4716f52f2280,https://www.ted.com/talks/tashka_and_laura_yawanawa_the_amazon_belongs_to_humanity_let_s_protect_it_together,c0d280d12873124e7d1f15a104ec0454
0cdccbb0c544e4909e1b4716f52f2280,https://www.ted.com/session/new?context=ted.www%2Fwatch-later,9f7b1654e792011b7e1c6f4288520226
0cdccbb0c544e4909e1b4716f52f2280,https://www.ted.com/talks/m_jackson_how_to_grow_a_glacier,949de115d7214da34b07f37d8d9745de
0cdccbb0c544e4909e1b4716f52f2280,https://www.ted.com/talks/m_jackson_how_to_grow_a_glacier,949de115d7214da34b07f37d8d9745de
0cdccbb0c544e4909e1b4716f52f2280,https://www.ted.com/session/new?context=ted.www%2Fwatch-later,9f7b1654e792011b7e1c6f4288520226
0cdccbb0c544e4909e1b4716f52f2280,https://www.ted.com/talks/musimbi_kanyoro_to_solve_the_world_s_biggest_problems_invest_in_women_and_girls,6ae8770b68956474ea05e5177206d2c7
0cdccbb0c544e4909e1b4716f52f2280,https://www.ted.com/talks/musimbi_kanyoro_to_solve_the_world_s_biggest_problems_invest_in_women_and_girls,6ae8770b68956474ea05e5177206d2c7
0cdccbb0c544e4909e1b4716f52f2280,https://www.ted.com/session/new?context=ted.www%2Fwatch-later,9f7b1654e792011b7e1c6f4288520226
0cdccbb0c544e4909e1b4716f52f2280,https://www.ted.com/talks/victoria_gill_what_a_nun_can_teach_a_scientist_about_ecology,c4ef6e7dddcd1e2b35d83b236664665c
0cdccbb0c544e4909e1b4716f52f2280,https://www.ted.com/talks/victoria_gill_what_a_nun_can_teach_a_scientist_about_ecology,c4ef6e7dddcd1e2b35d83b236664665c
0cdccbb0c544e4909e1b4716f52f2280,https://www.ted.com/session/new?context=ted.www%2Fwatch-later,9f7b1654e792011b7e1c6f4288520226
0cdccbb0c544e4909e1b4716f52f2280,https://www.ted.com/talks/colette_pichon_battle_climate_change_will_displace_millions_here_s_how_we_prepare,75660e71c93d4b1359c7bd8645271488
0cdccbb0c544e4909e1b4716f52f2280,https://www.ted.com/talks/colette_pichon_battle_climate_change_will_displace_millions_here_s_how_we_prepare,75660e71c93d4b1359c7bd8645271488
0cdccbb0c544e4909e1b4716f52f2280,https://www.ted.com/session/new?context=ted.www%2Fwatch-later,9f7b1654e792011b7e1c6f4288520226
2b48856a1e68b1deaae63aa0eea7b7e9,https://www.ted.com/talks/bill_gates_how_we_must_respond_to_the_coronavirus_pandemic,801e86946c2329fd5726edc0bb3e963d
2b48856a1e68b1deaae63aa0eea7b7e9,https://www.ted.com/talks/bill_gates_how_we_must_respond_to_the_coronavirus_pandemic,801e86946c2329fd5726edc0bb3e963d
2b48856a1e68b1deaae63aa0eea7b7e9,https://www.ted.com/session/new?context=ted.www%2Fwatch-later,9f7b1654e792011b7e1c6f4288520226
2b48856a1e68b1deaae63aa0eea7b7e9,https://www.ted.com/talks/gary_liu_the_rapid_growth_of_the_chinese_internet_and_where_it_s_headed,a37c23fd1a4a65457d3190f30e858198
2b48856a1e68b1deaae63aa0eea7b7e9,https://www.ted.com/talks/gary_liu_the_rapid_growth_of_the_chinese_internet_and_where_it_s_headed,a37c23fd1a4a65457d3190f30e858198
2b48856a1e68b1deaae63aa0eea7b7e9,https://www.ted.com/session/new?context=ted.www%2Fwatch-later,9f7b1654e792011b7e1c6f4288520226
2b48856a1e68b1deaae63aa0eea7b7e9,https://www.ted.com/talks/alanna_shaikh_why_covid_19_is_hitting_us_now_and_how_to_prepare_for_the_next_outbreak,1e7aa4ab0c99b7ae0939079e546ca811
2b48856a1e68b1deaae63aa0eea7b7e9,https://www.ted.com/talks/alanna_shaikh_why_covid_19_is_hitting_us_now_and_how_to_prepare_for_the_next_outbreak,1e7aa4ab0c99b7ae0939079e546ca811
2b48856a1e68b1deaae63aa0eea7b7e9,https://www.ted.com/session/new?context=ted.www%2Fwatch-later,9f7b1654e792011b7e1c6f4288520226
2b48856a1e68b1deaae63aa0eea7b7e9,https://www.ted.com/talks/martin_jacques_understanding_the_rise_of_china,3e6f65e26197b95a33043a41b17509b8
2b48856a1e68b1deaae63aa0eea7b7e9,https://www.ted.com/talks/martin_jacques_understanding_the_rise_of_china,3e6f65e26197b95a33043a41b17509b8
2b48856a1e68b1deaae63aa0eea7b7e9,https://www.ted.com/session/new?context=ted.www%2Fwatch-later,9f7b1654e792011b7e1c6f4288520226
2b48856a1e68b1deaae63aa0eea7b7e9,https://www.ted.com/talks/michael_anti_behind_the_great_firewall_of_china,658454e66e65e252a6feac803d1641c3
2b48856a1e68b1deaae63aa0eea7b7e9,https://www.ted.com/talks/michael_anti_behind_the_great_firewall_of_china,658454e66e65e252a6feac803d1641c3
2b48856a1e68b1deaae63aa0eea7b7e9,https://www.ted.com/session/new?context=ted.www%2Fwatch-later,9f7b1654e792011b7e1c6f4288520226
2b48856a1e68b1deaae63aa0eea7b7e9,https://www.ted.com/talks/kevin_rudd_are_china_and_the_us_doomed_to_conflict,e748802e2c516fc8e2b7f94b2c11d770
2b48856a1e68b1deaae63aa0eea7b7e9,https://www.ted.com/talks/kevin_rudd_are_china_and_the_us_doomed_to_conflict,e748802e2c516fc8e2b7f94b2c11d770
2b48856a1e68b1deaae63aa0eea7b7e9,https://www.ted.com/session/new?context=ted.www%2Fwatch-later,9f7b1654e792011b7e1c6f4288520226
50e3e579db0eef68a893b76b8199cf81,https://www.ted.com/talks/anees_bahji_is_marijuana_bad_for_your_brain,c007dd39a24b3809a75663913553197b
50e3e579db0eef68a893b76b8199cf81,https://www.ted.com/talks/anees_bahji_is_marijuana_bad_for_your_brain,c007dd39a24b3809a75663913553197b
50e3e579db0eef68a893b76b8199cf81,https://www.ted.com/session/new?context=ted.www%2Fwatch-later,9f7b1654e792011b7e1c6f4288520226
50e3e579db0eef68a893b76b8199cf81,https://www.ted.com/talks/helen_m_farrell_what_is_depression,85eb667d36da5a118362f9b425885a5a
50e3e579db0eef68a893b76b8199cf81,https://www.ted.com/talks/helen_m_farrell_what_is_depression,85eb667d36da5a118362f9b425885a5a
50e3e579db0eef68a893b76b8199cf81,https://www.ted.com/session/new?context=ted.www%2Fwatch-later,9f7b1654e792011b7e1c6f4288520226
50e3e579db0eef68a893b76b8199cf81,https://www.ted.com/talks/helen_m_farrell_the_truth_about_electroconvulsive_therapy_ect,2f6f58166368fc813542e292b04421af
50e3e579db0eef68a893b76b8199cf81,https://www.ted.com/talks/helen_m_farrell_the_truth_about_electroconvulsive_therapy_ect,2f6f58166368fc813542e292b04421af
50e3e579db0eef68a893b76b8199cf81,https://www.ted.com/session/new?context=ted.www%2Fwatch-later,9f7b1654e792011b7e1c6f4288520226
50e3e579db0eef68a893b76b8199cf81,https://www.ted.com/talks/helen_m_farrell_what_is_bipolar_disorder,91cc801283a350db68d8b3479504cdec
50e3e579db0eef68a893b76b8199cf81,https://www.ted.com/talks/helen_m_farrell_what_is_bipolar_disorder,91cc801283a350db68d8b3479504cdec
50e3e579db0eef68a893b76b8199cf81,https://www.ted.com/session/new?context=ted.www%2Fwatch-later,9f7b1654e792011b7e1c6f4288520226
50e3e579db0eef68a893b76b8199cf81,https://www.ted.com/talks/dr_natascha_m_santos_debunking_the_myths_of_ocd,445ebd59678ee2e0ba0727225095ebb2
50e3e579db0eef68a893b76b8199cf81,https://www.ted.com/talks/dr_natascha_m_santos_debunking_the_myths_of_ocd,445ebd59678ee2e0ba0727225095ebb2
50e3e579db0eef68a893b76b8199cf81,https://www.ted.com/session/new?context=ted.www%2Fwatch-later,9f7b1654e792011b7e1c6f4288520226
50e3e579db0eef68a893b76b8199cf81,https://www.ted.com/talks/thomas_insel_toward_a_new_understanding_of_mental_illness,78848910211a073ad263d3e5d6acb235
50e3e579db0eef68a893b76b8199cf81,https://www.ted.com/talks/thomas_insel_toward_a_new_understanding_of_mental_illness,78848910211a073ad263d3e5d6acb235
50e3e579db0eef68a893b76b8199cf81,https://www.ted.com/session/new?context=ted.www%2Fwatch-later,9f7b1654e792011b7e1c6f4288520226
66dccf5471154abd3be663c350d5efe2,https://www.ted.com/talks/carla_harris_how_to_find_the_person_who_can_help_you_get_ahead_at_work,5b2a350097951c758bc5cebf13f6e72c
66dccf5471154abd3be663c350d5efe2,https://www.ted.com/talks/carla_harris_how_to_find_the_person_who_can_help_you_get_ahead_at_work,5b2a350097951c758bc5cebf13f6e72c
66dccf5471154abd3be663c350d5efe2,https://www.ted.com/session/new?context=ted.www%2Fwatch-later,9f7b1654e792011b7e1c6f4288520226
66dccf5471154abd3be663c350d5efe2,https://www.ted.com/talks/elizabeth_cox_what_is_imposter_syndrome_and_how_can_you_combat_it,099eb1656613aa0d52824ca0c17420fb
66dccf5471154abd3be663c350d5efe2,https://www.ted.com/talks/elizabeth_cox_what_is_imposter_syndrome_and_how_can_you_combat_it,099eb1656613aa0d52824ca0c17420fb
66dccf5471154abd3be663c350d5efe2,https://www.ted.com/session/new?context=ted.www%2Fwatch-later,9f7b1654e792011b7e1c6f4288520226
66dccf5471154abd3be663c350d5efe2,https://www.ted.com/talks/chieh_huang_how_to_know_if_it_s_time_to_change_careers,6b62f974f6187d19f5d069ac881feffc
66dccf5471154abd3be663c350d5efe2,https://www.ted.com/talks/chieh_huang_how_to_know_if_it_s_time_to_change_careers,6b62f974f6187d19f5d069ac881feffc
66dccf5471154abd3be663c350d5efe2,https://www.ted.com/session/new?context=ted.www%2Fwatch-later,9f7b1654e792011b7e1c6f4288520226
66dccf5471154abd3be663c350d5efe2,https://www.ted.com/talks/emilie_wapnick_why_some_of_us_don_t_have_one_true_calling,47f78640d75d0ceebf5b639f4521b092
66dccf5471154abd3be663c350d5efe2,https://www.ted.com/talks/emilie_wapnick_why_some_of_us_don_t_have_one_true_calling,47f78640d75d0ceebf5b639f4521b092
66dccf5471154abd3be663c350d5efe2,https://www.ted.com/session/new?context=ted.www%2Fwatch-later,9f7b1654e792011b7e1c6f4288520226
66dccf5471154abd3be663c350d5efe2,https://www.ted.com/talks/alain_de_botton_a_kinder_gentler_philosophy_of_success,c15d3b2f3d4f543fe153251982cd1ea3
66dccf5471154abd3be663c350d5efe2,https://www.ted.com/talks/alain_de_botton_a_kinder_gentler_philosophy_of_success,c15d3b2f3d4f543fe153251982cd1ea3
66dccf5471154abd3be663c350d5efe2,https://www.ted.com/session/new?context=ted.www%2Fwatch-later,9f7b1654e792011b7e1c6f4288520226
66dccf5471154abd3be663c350d5efe2,https://www.ted.com/talks/scott_dinsmore_how_to_find_work_you_love,dd98a33e23ba5a6d1f3a203bb0f107a8
66dccf5471154abd3be663c350d5efe2,https://www.ted.com/talks/scott_dinsmore_how_to_find_work_you_love,dd98a33e23ba5a6d1f3a203bb0f107a8
66dccf5471154abd3be663c350d5efe2,https://www.ted.com/session/new?context=ted.www%2Fwatch-later,9f7b1654e792011b7e1c6f4288520226
801e86946c2329fd5726edc0bb3e963d,https://www.ted.com/talks/bill_gates_the_next_outbreak_we_re_not_ready,d76a64163ba63feb27f2b612b0ef1999
801e86946c2329fd5726edc0bb3e963d,https://www.ted.com/talks/bill_gates_the_next_outbreak_we_re_not_ready,d76a64163ba63feb27f2b612b0ef1999
801e86946c2329fd5726edc0bb3e963d,https://www.ted.com/session/new?context=ted.www%2Fwatch-later,9f7b1654e792011b7e1c6f4288520226
801e86946c2329fd5726edc0bb3e963d,https://www.ted.com/talks/alanna_shaikh_why_covid_19_is_hitting_us_now_and_how_to_prepare_for_the_next_outbreak,1e7aa4ab0c99b7ae0939079e546ca811
801e86946c2329fd5726edc0bb3e963d,https://www.ted.com/talks/alanna_shaikh_why_covid_19_is_hitting_us_now_and_how_to_prepare_for_the_next_outbreak,1e7aa4ab0c99b7ae0939079e546ca811
801e86946c2329fd5726edc0bb3e963d,https://www.ted.com/session/new?context=ted.www%2Fwatch-later,9f7b1654e792011b7e1c6f4288520226
801e86946c2329fd5726edc0bb3e963d,https://www.ted.com/talks/the_ted_interview_bill_gates_looks_to_the_future,42fdc4ac61f041549c1d6c8174a08ba8
801e86946c2329fd5726edc0bb3e963d,https://www.ted.com/talks/the_ted_interview_bill_gates_looks_to_the_future,42fdc4ac61f041549c1d6c8174a08ba8
801e86946c2329fd5726edc0bb3e963d,https://www.ted.com/session/new?context=ted.www%2Fwatch-later,9f7b1654e792011b7e1c6f4288520226
801e86946c2329fd5726edc0bb3e963d,https://www.ted.com/talks/seth_berkley_the_quest_for_the_coronavirus_vaccine,f5ae6143fa79ba55deb5e9e720b4c681
801e86946c2329fd5726edc0bb3e963d,https://www.ted.com/talks/seth_berkley_the_quest_for_the_coronavirus_vaccine,f5ae6143fa79ba55deb5e9e720b4c681
801e86946c2329fd5726edc0bb3e963d,https://www.ted.com/session/new?context=ted.www%2Fwatch-later,9f7b1654e792011b7e1c6f4288520226
801e86946c2329fd5726edc0bb3e963d,https://www.ted.com/talks/adam_kucharski_how_can_we_control_the_coronavirus_pandemic,21e445747a81a2a3cc0ce460ecc7ff1a
801e86946c2329fd5726edc0bb3e963d,https://www.ted.com/talks/adam_kucharski_how_can_we_control_the_coronavirus_pandemic,21e445747a81a2a3cc0ce460ecc7ff1a
801e86946c2329fd5726edc0bb3e963d,https://www.ted.com/session/new?context=ted.www%2Fwatch-later,9f7b1654e792011b7e1c6f4288520226
801e86946c2329fd5726edc0bb3e963d,https://www.ted.com/talks/david_heymann_what_we_do_and_don_t_know_about_the_coronavirus,34c18c78deb9e4a7f769eef0a24d47cd
801e86946c2329fd5726edc0bb3e963d,https://www.ted.com/talks/david_heymann_what_we_do_and_don_t_know_about_the_coronavirus,34c18c78deb9e4a7f769eef0a24d47cd
801e86946c2329fd5726edc0bb3e963d,https://www.ted.com/session/new?context=ted.www%2Fwatch-later,9f7b1654e792011b7e1c6f4288520226
7d12cb15860436be16912357f0be08a2,https://www.ted.com/talks/latoya_ruby_frazier_a_creative_solution_for_the_water_crisis_in_flint_michigan,989350baed4da5f4e3d52486be7ed5d8
7d12cb15860436be16912357f0be08a2,https://www.ted.com/talks/latoya_ruby_frazier_a_creative_solution_for_the_water_crisis_in_flint_michigan,989350baed4da5f4e3d52486be7ed5d8
7d12cb15860436be16912357f0be08a2,https://www.ted.com/session/new?context=ted.www%2Fwatch-later,9f7b1654e792011b7e1c6f4288520226
7d12cb15860436be16912357f0be08a2,https://www.ted.com/talks/agnes_binagwaho_how_women_are_revolutionizing_rwanda,f14e7d08564e3ffc76e1b0d058170d4a
7d12cb15860436be16912357f0be08a2,https://www.ted.com/talks/agnes_binagwaho_how_women_are_revolutionizing_rwanda,f14e7d08564e3ffc76e1b0d058170d4a
7d12cb15860436be16912357f0be08a2,https://www.ted.com/session/new?context=ted.www%2Fwatch-later,9f7b1654e792011b7e1c6f4288520226
7d12cb15860436be16912357f0be08a2,https://www.ted.com/talks/victoria_gill_what_a_nun_can_teach_a_scientist_about_ecology,c4ef6e7dddcd1e2b35d83b236664665c
7d12cb15860436be16912357f0be08a2,https://www.ted.com/talks/victoria_gill_what_a_nun_can_teach_a_scientist_about_ecology,c4ef6e7dddcd1e2b35d83b236664665c
7d12cb15860436be16912357f0be08a2,https://www.ted.com/session/new?context=ted.www%2Fwatch-later,9f7b1654e792011b7e1c6f4288520226
7d12cb15860436be16912357f0be08a2,https://www.ted.com/talks/jack_dorsey_how_twitter_needs_to_change,8dc784f2d73e5ca9b45d93b89298be99
7d12cb15860436be16912357f0be08a2,https://www.ted.com/talks/jack_dorsey_how_twitter_needs_to_change,8dc784f2d73e5ca9b45d93b89298be99
7d12cb15860436be16912357f0be08a2,https://www.ted.com/session/new?context=ted.www%2Fwatch-later,9f7b1654e792011b7e1c6f4288520226
7d12cb15860436be16912357f0be08a2,https://www.ted.com/talks/jon_ronson_when_online_shaming_goes_too_far,667397371b6fc7bc014480fc849d439b
7d12cb15860436be16912357f0be08a2,https://www.ted.com/talks/jon_ronson_when_online_shaming_goes_too_far,667397371b6fc7bc014480fc849d439b
7d12cb15860436be16912357f0be08a2,https://www.ted.com/session/new?context=ted.www%2Fwatch-later,9f7b1654e792011b7e1c6f4288520226
7d12cb15860436be16912357f0be08a2,https://www.ted.com/talks/megan_phelps_roper_i_grew_up_in_the_westboro_baptist_church_here_s_why_i_left,92ff22c0d4ae4768cfce19f794d0a73c
7d12cb15860436be16912357f0be08a2,https://www.ted.com/talks/megan_phelps_roper_i_grew_up_in_the_westboro_baptist_church_here_s_why_i_left,92ff22c0d4ae4768cfce19f794d0a73c
7d12cb15860436be16912357f0be08a2,https://www.ted.com/session/new?context=ted.www%2Fwatch-later,9f7b1654e792011b7e1c6f4288520226
d068844107e5598a288ae47bfec0f2b2,https://www.ted.com/talks/stefan_al_will_there_ever_be_a_mile_high_skyscraper,3569f49a07fd0e0719ecfdd02f77f9c7
d068844107e5598a288ae47bfec0f2b2,https://www.ted.com/talks/stefan_al_will_there_ever_be_a_mile_high_skyscraper,3569f49a07fd0e0719ecfdd02f77f9c7
d068844107e5598a288ae47bfec0f2b2,https://www.ted.com/session/new?context=ted.www%2Fwatch-later,9f7b1654e792011b7e1c6f4288520226
d068844107e5598a288ae47bfec0f2b2,https://www.ted.com/talks/alex_gendler_epic_engineering_building_the_brooklyn_bridge,322fec9c9085abe109b66c421847b5b0
d068844107e5598a288ae47bfec0f2b2,https://www.ted.com/talks/alex_gendler_epic_engineering_building_the_brooklyn_bridge,322fec9c9085abe109b66c421847b5b0
d068844107e5598a288ae47bfec0f2b2,https://www.ted.com/session/new?context=ted.www%2Fwatch-later,9f7b1654e792011b7e1c6f4288520226
d068844107e5598a288ae47bfec0f2b2,https://www.ted.com/talks/m_jackson_how_to_grow_a_glacier,949de115d7214da34b07f37d8d9745de
d068844107e5598a288ae47bfec0f2b2,https://www.ted.com/talks/m_jackson_how_to_grow_a_glacier,949de115d7214da34b07f37d8d9745de
d068844107e5598a288ae47bfec0f2b2,https://www.ted.com/session/new?context=ted.www%2Fwatch-later,9f7b1654e792011b7e1c6f4288520226
d068844107e5598a288ae47bfec0f2b2,https://www.ted.com/talks/kotchakorn_voraakhom_how_to_transform_sinking_cities_into_landscapes_that_fight_floods,38d69264224901a350752d14ae0dbb04
d068844107e5598a288ae47bfec0f2b2,https://www.ted.com/talks/kotchakorn_voraakhom_how_to_transform_sinking_cities_into_landscapes_that_fight_floods,38d69264224901a350752d14ae0dbb04
d068844107e5598a288ae47bfec0f2b2,https://www.ted.com/session/new?context=ted.www%2Fwatch-later,9f7b1654e792011b7e1c6f4288520226
d068844107e5598a288ae47bfec0f2b2,https://www.ted.com/talks/david_sedlak_4_ways_we_can_avoid_a_catastrophic_drought,e2772add45838b3d92fdde8e27362e2b
d068844107e5598a288ae47bfec0f2b2,https://www.ted.com/talks/david_sedlak_4_ways_we_can_avoid_a_catastrophic_drought,e2772add45838b3d92fdde8e27362e2b
d068844107e5598a288ae47bfec0f2b2,https://www.ted.com/session/new?context=ted.www%2Fwatch-later,9f7b1654e792011b7e1c6f4288520226
d068844107e5598a288ae47bfec0f2b2,https://www.ted.com/talks/vicki_arroyo_let_s_prepare_for_our_new_climate,03f8b5ddd48264d6aef03c7fac18e661
d068844107e5598a288ae47bfec0f2b2,https://www.ted.com/talks/vicki_arroyo_let_s_prepare_for_our_new_climate,03f8b5ddd48264d6aef03c7fac18e661
d068844107e5598a288ae47bfec0f2b2,https://www.ted.com/session/new?context=ted.www%2Fwatch-later,9f7b1654e792011b7e1c6f4288520226
3662a6a374fcea54ec738d033b39d82f,https://www.ted.com/talks/wanis_kabbaj_what_a_driverless_world_could_look_like,a2678e7b0ff6ca80a2c19fa14c2fe7db
3662a6a374fcea54ec738d033b39d82f,https://www.ted.com/talks/wanis_kabbaj_what_a_driverless_world_could_look_like,a2678e7b0ff6ca80a2c19fa14c2fe7db
3662a6a374fcea54ec738d033b39d82f,https://www.ted.com/session/new?context=ted.www%2Fwatch-later,9f7b1654e792011b7e1c6f4288520226
3662a6a374fcea54ec738d033b39d82f,https://www.ted.com/talks/iyad_rahwan_what_moral_decisions_should_driverless_cars_make,085df5a1b2e0ffd772b274389b2dbb1b
3662a6a374fcea54ec738d033b39d82f,https://www.ted.com/talks/iyad_rahwan_what_moral_decisions_should_driverless_cars_make,085df5a1b2e0ffd772b274389b2dbb1b
3662a6a374fcea54ec738d033b39d82f,https://www.ted.com/session/new?context=ted.www%2Fwatch-later,9f7b1654e792011b7e1c6f4288520226
3662a6a374fcea54ec738d033b39d82f,https://www.ted.com/talks/sajan_saini_how_do_self_driving_cars_see,81d63e1782d912c57df928583114c6f4
3662a6a374fcea54ec738d033b39d82f,https://www.ted.com/talks/sajan_saini_how_do_self_driving_cars_see,81d63e1782d912c57df928583114c6f4
3662a6a374fcea54ec738d033b39d82f,https://www.ted.com/session/new?context=ted.www%2Fwatch-later,9f7b1654e792011b7e1c6f4288520226
3662a6a374fcea54ec738d033b39d82f,https://www.ted.com/talks/ramesh_raskar_imaging_at_a_trillion_frames_per_second,cb65b97c49efed0b991c24c309c50dc5
3662a6a374fcea54ec738d033b39d82f,https://www.ted.com/talks/ramesh_raskar_imaging_at_a_trillion_frames_per_second,cb65b97c49efed0b991c24c309c50dc5
3662a6a374fcea54ec738d033b39d82f,https://www.ted.com/session/new?context=ted.www%2Fwatch-later,9f7b1654e792011b7e1c6f4288520226
3662a6a374fcea54ec738d033b39d82f,https://www.ted.com/talks/diego_prilusky_how_volumetric_video_brings_a_new_dimension_to_filmmaking,c43ada5a4cc9d4a524a8e59d8a609f5f
3662a6a374fcea54ec738d033b39d82f,https://www.ted.com/talks/diego_prilusky_how_volumetric_video_brings_a_new_dimension_to_filmmaking,c43ada5a4cc9d4a524a8e59d8a609f5f
3662a6a374fcea54ec738d033b39d82f,https://www.ted.com/session/new?context=ted.www%2Fwatch-later,9f7b1654e792011b7e1c6f4288520226
3662a6a374fcea54ec738d033b39d82f,https://www.ted.com/talks/daniel_finkel_can_you_solve_the_vampire_hunter_riddle,dc476549de4f946ad92c8c376795b697
3662a6a374fcea54ec738d033b39d82f,https://www.ted.com/talks/daniel_finkel_can_you_solve_the_vampire_hunter_riddle,dc476549de4f946ad92c8c376795b697
3662a6a374fcea54ec738d033b39d82f,https://www.ted.com/session/new?context=ted.www%2Fwatch-later,9f7b1654e792011b7e1c6f4288520226
cc20b7b4de317a6f4059bd6feb079334,https://www.ted.com/talks/susan_david_the_gift_and_power_of_emotional_courage,41dec4deb962673fa334eb190773acde
cc20b7b4de317a6f4059bd6feb079334,https://www.ted.com/talks/susan_david_the_gift_and_power_of_emotional_courage,41dec4deb962673fa334eb190773acde
cc20b7b4de317a6f4059bd6feb079334,https://www.ted.com/session/new?context=ted.www%2Fwatch-later,9f7b1654e792011b7e1c6f4288520226
cc20b7b4de317a6f4059bd6feb079334,https://www.ted.com/talks/alex_gendler_why_do_we_cry_the_three_types_of_tears,cfd72cb1457f06106075590d1d27c612
cc20b7b4de317a6f4059bd6feb079334,https://www.ted.com/talks/alex_gendler_why_do_we_cry_the_three_types_of_tears,cfd72cb1457f06106075590d1d27c612
cc20b7b4de317a6f4059bd6feb079334,https://www.ted.com/session/new?context=ted.www%2Fwatch-later,9f7b1654e792011b7e1c6f4288520226
cc20b7b4de317a6f4059bd6feb079334,https://www.ted.com/talks/sandeep_jauhar_how_your_emotions_change_the_shape_of_your_heart,90b2916b4b62b02543f2f21eb30400f1
cc20b7b4de317a6f4059bd6feb079334,https://www.ted.com/talks/sandeep_jauhar_how_your_emotions_change_the_shape_of_your_heart,90b2916b4b62b02543f2f21eb30400f1
cc20b7b4de317a6f4059bd6feb079334,https://www.ted.com/session/new?context=ted.www%2Fwatch-later,9f7b1654e792011b7e1c6f4288520226
cc20b7b4de317a6f4059bd6feb079334,https://www.ted.com/talks/tiffany_watt_smith_the_history_of_human_emotions,c5b94447231b5b547e46ec37ddd45aa4
cc20b7b4de317a6f4059bd6feb079334,https://www.ted.com/talks/tiffany_watt_smith_the_history_of_human_emotions,c5b94447231b5b547e46ec37ddd45aa4
cc20b7b4de317a6f4059bd6feb079334,https://www.ted.com/session/new?context=ted.www%2Fwatch-later,9f7b1654e792011b7e1c6f4288520226
cc20b7b4de317a6f4059bd6feb079334,https://www.ted.com/talks/nancy_etcoff_happiness_and_its_surprises,e5b66f2ceb663dc11cb385786457d147
cc20b7b4de317a6f4059bd6feb079334,https://www.ted.com/talks/nancy_etcoff_happiness_and_its_surprises,e5b66f2ceb663dc11cb385786457d147
cc20b7b4de317a6f4059bd6feb079334,https://www.ted.com/session/new?context=ted.www%2Fwatch-later,9f7b1654e792011b7e1c6f4288520226
cc20b7b4de317a6f4059bd6feb079334,https://www.ted.com/talks/rana_el_kaliouby_this_app_knows_how_you_feel_from_the_look_on_your_face,88627a4df594d9dd2819355fa8b8dcf2
cc20b7b4de317a6f4059bd6feb079334,https://www.ted.com/talks/rana_el_kaliouby_this_app_knows_how_you_feel_from_the_look_on_your_face,88627a4df594d9dd2819355fa8b8dcf2
cc20b7b4de317a6f4059bd6feb079334,https://www.ted.com/session/new?context=ted.www%2Fwatch-later,9f7b1654e792011b7e1c6f4288520226
69fe3987d601f0587dc520bfb69677ea,https://www.ted.com/talks/leonora_neville_the_princess_who_rewrote_history,c3031e74b9a985275e92a0fe3c869356
69fe3987d601f0587dc520bfb69677ea,https://www.ted.com/talks/leonora_neville_the_princess_who_rewrote_history,c3031e74b9a985275e92a0fe3c869356
69fe3987d601f0587dc520bfb69677ea,https://www.ted.com/session/new?context=ted.www%2Fwatch-later,9f7b1654e792011b7e1c6f4288520226
69fe3987d601f0587dc520bfb69677ea,https://www.ted.com/talks/theresa_a_yugar_history_s_worst_nun,2e4d2032ea0f0424ef2e5c0e54623374
69fe3987d601f0587dc520bfb69677ea,https://www.ted.com/talks/theresa_a_yugar_history_s_worst_nun,2e4d2032ea0f0424ef2e5c0e54623374
69fe3987d601f0587dc520bfb69677ea,https://www.ted.com/session/new?context=ted.www%2Fwatch-later,9f7b1654e792011b7e1c6f4288520226
69fe3987d601f0587dc520bfb69677ea,https://www.ted.com/talks/soraya_field_fiorio_the_murder_of_ancient_alexandria_s_greatest_scholar,c6c317fae08f440a1ee3843122968ac2
69fe3987d601f0587dc520bfb69677ea,https://www.ted.com/talks/soraya_field_fiorio_the_murder_of_ancient_alexandria_s_greatest_scholar,c6c317fae08f440a1ee3843122968ac2
69fe3987d601f0587dc520bfb69677ea,https://www.ted.com/session/new?context=ted.www%2Fwatch-later,9f7b1654e792011b7e1c6f4288520226
69fe3987d601f0587dc520bfb69677ea,https://www.ted.com/talks/einav_zamir_dembin_did_ancient_troy_really_exist,8e04e0e6515fee0709243075bf22527a
69fe3987d601f0587dc520bfb69677ea,https://www.ted.com/talks/einav_zamir_dembin_did_ancient_troy_really_exist,8e04e0e6515fee0709243075bf22527a
69fe3987d601f0587dc520bfb69677ea,https://www.ted.com/session/new?context=ted.www%2Fwatch-later,9f7b1654e792011b7e1c6f4288520226
69fe3987d601f0587dc520bfb69677ea,https://www.ted.com/talks/peta_greenfield_who_were_the_vestal_virgins_and_what_was_their_job,46c97e3e231a8583f4c5f4cd6b8eb0f4
69fe3987d601f0587dc520bfb69677ea,https://www.ted.com/talks/peta_greenfield_who_were_the_vestal_virgins_and_what_was_their_job,46c97e3e231a8583f4c5f4cd6b8eb0f4
69fe3987d601f0587dc520bfb69677ea,https://www.ted.com/session/new?context=ted.www%2Fwatch-later,9f7b1654e792011b7e1c6f4288520226
69fe3987d601f0587dc520bfb69677ea,https://www.ted.com/talks/alan_lupack_is_there_any_truth_to_the_king_arthur_legends,eb5a52bf4a178f542c5ba55a0bb718a2
69fe3987d601f0587dc520bfb69677ea,https://www.ted.com/talks/alan_lupack_is_there_any_truth_to_the_king_arthur_legends,eb5a52bf4a178f542c5ba55a0bb718a2
69fe3987d601f0587dc520bfb69677ea,https://www.ted.com/session/new?context=ted.www%2Fwatch-later,9f7b1654e792011b7e1c6f4288520226
7956226f4de23c38aed5595b450c9b9d,https://www.ted.com/talks/karissa_sanbonmatsu_the_biology_of_gender_from_dna_to_the_brain,a2b9aa402452f3fcebc2d54548b420bf
7956226f4de23c38aed5595b450c9b9d,https://www.ted.com/talks/karissa_sanbonmatsu_the_biology_of_gender_from_dna_to_the_brain,a2b9aa402452f3fcebc2d54548b420bf
7956226f4de23c38aed5595b450c9b9d,https://www.ted.com/session/new?context=ted.www%2Fwatch-later,9f7b1654e792011b7e1c6f4288520226
7956226f4de23c38aed5595b450c9b9d,https://www.ted.com/talks/aaron_reedy_sex_determination_more_complicated_than_you_thought,fedf1281de01ec9633c8eff1e63483d8
7956226f4de23c38aed5595b450c9b9d,https://www.ted.com/talks/aaron_reedy_sex_determination_more_complicated_than_you_thought,fedf1281de01ec9633c8eff1e63483d8
7956226f4de23c38aed5595b450c9b9d,https://www.ted.com/session/new?context=ted.www%2Fwatch-later,9f7b1654e792011b7e1c6f4288520226
7956226f4de23c38aed5595b450c9b9d,https://www.ted.com/talks/emily_quinn_the_way_we_think_about_biological_sex_is_wrong,64a245b4b04c07e995d35ce165eb34dc
7956226f4de23c38aed5595b450c9b9d,https://www.ted.com/talks/emily_quinn_the_way_we_think_about_biological_sex_is_wrong,64a245b4b04c07e995d35ce165eb34dc
7956226f4de23c38aed5595b450c9b9d,https://www.ted.com/session/new?context=ted.www%2Fwatch-later,9f7b1654e792011b7e1c6f4288520226
7956226f4de23c38aed5595b450c9b9d,https://www.ted.com/talks/alice_dreger_is_anatomy_destiny,4d780b6176a5b892cdc8750e0a682567
7956226f4de23c38aed5595b450c9b9d,https://www.ted.com/talks/alice_dreger_is_anatomy_destiny,4d780b6176a5b892cdc8750e0a682567
7956226f4de23c38aed5595b450c9b9d,https://www.ted.com/session/new?context=ted.www%2Fwatch-later,9f7b1654e792011b7e1c6f4288520226
7956226f4de23c38aed5595b450c9b9d,https://www.ted.com/talks/tiffany_kagure_mugo_and_siphumeze_khundayi_how_to_have_a_healthier_positive_relationship_to_sex,d62fe4906a97efd271acf5a8e240bc96
7956226f4de23c38aed5595b450c9b9d,https://www.ted.com/talks/tiffany_kagure_mugo_and_siphumeze_khundayi_how_to_have_a_healthier_positive_relationship_to_sex,d62fe4906a97efd271acf5a8e240bc96
7956226f4de23c38aed5595b450c9b9d,https://www.ted.com/session/new?context=ted.www%2Fwatch-later,9f7b1654e792011b7e1c6f4288520226
7956226f4de23c38aed5595b450c9b9d,https://www.ted.com/talks/sarah_barmak_the_uncomplicated_truth_about_women_s_sexuality,85fab1ea84d1b822265e9731958fba8b
7956226f4de23c38aed5595b450c9b9d,https://www.ted.com/talks/sarah_barmak_the_uncomplicated_truth_about_women_s_sexuality,85fab1ea84d1b822265e9731958fba8b
7956226f4de23c38aed5595b450c9b9d,https://www.ted.com/session/new?context=ted.www%2Fwatch-later,9f7b1654e792011b7e1c6f4288520226
e6e196b3a82c9cb3ff7eaac009267412,https://www.ted.com/talks/ayana_jamieson_and_moya_bailey_why_should_you_read_sci_fi_superstar_octavia_e_butler,6034394a7935ca98bebccbccaeb4245e
e6e196b3a82c9cb3ff7eaac009267412,https://www.ted.com/talks/ayana_jamieson_and_moya_bailey_why_should_you_read_sci_fi_superstar_octavia_e_butler,6034394a7935ca98bebccbccaeb4245e
e6e196b3a82c9cb3ff7eaac009267412,https://www.ted.com/session/new?context=ted.www%2Fwatch-later,9f7b1654e792011b7e1c6f4288520226
e6e196b3a82c9cb3ff7eaac009267412,https://www.ted.com/talks/nnedi_okorafor_sci_fi_stories_that_imagine_a_future_africa,8630f60aa9780fca5377f84bcb973133
e6e196b3a82c9cb3ff7eaac009267412,https://www.ted.com/talks/nnedi_okorafor_sci_fi_stories_that_imagine_a_future_africa,8630f60aa9780fca5377f84bcb973133
e6e196b3a82c9cb3ff7eaac009267412,https://www.ted.com/session/new?context=ted.www%2Fwatch-later,9f7b1654e792011b7e1c6f4288520226
e6e196b3a82c9cb3ff7eaac009267412,https://www.ted.com/talks/monica_byrne_a_sci_fi_vision_of_love_from_a_318_year_old_hologram,acd720a64d0212dc78d4afce5a363e8e
e6e196b3a82c9cb3ff7eaac009267412,https://www.ted.com/talks/monica_byrne_a_sci_fi_vision_of_love_from_a_318_year_old_hologram,acd720a64d0212dc78d4afce5a363e8e
e6e196b3a82c9cb3ff7eaac009267412,https://www.ted.com/session/new?context=ted.www%2Fwatch-later,9f7b1654e792011b7e1c6f4288520226
e6e196b3a82c9cb3ff7eaac009267412,https://www.ted.com/talks/anab_jain_why_we_need_to_imagine_different_futures,e2ea96ee9ce630ff9a72207373aa2c17
e6e196b3a82c9cb3ff7eaac009267412,https://www.ted.com/talks/anab_jain_why_we_need_to_imagine_different_futures,e2ea96ee9ce630ff9a72207373aa2c17
e6e196b3a82c9cb3ff7eaac009267412,https://www.ted.com/session/new?context=ted.www%2Fwatch-later,9f7b1654e792011b7e1c6f4288520226
e6e196b3a82c9cb3ff7eaac009267412,https://www.ted.com/talks/ryan_gravel_how_an_old_loop_of_railroads_is_changing_the_face_of_a_city,09458cb3f7e68fbbcfa2dcce6f8fc3b3
e6e196b3a82c9cb3ff7eaac009267412,https://www.ted.com/talks/ryan_gravel_how_an_old_loop_of_railroads_is_changing_the_face_of_a_city,09458cb3f7e68fbbcfa2dcce6f8fc3b3
e6e196b3a82c9cb3ff7eaac009267412,https://www.ted.com/session/new?context=ted.www%2Fwatch-later,9f7b1654e792011b7e1c6f4288520226
e6e196b3a82c9cb3ff7eaac009267412,https://www.ted.com/talks/yuval_noah_harari_nationalism_vs_globalism_the_new_political_divide,8d8ee91c47432e347ce8c3f5ae0435f3
e6e196b3a82c9cb3ff7eaac009267412,https://www.ted.com/talks/yuval_noah_harari_nationalism_vs_globalism_the_new_political_divide,8d8ee91c47432e347ce8c3f5ae0435f3
e6e196b3a82c9cb3ff7eaac009267412,https://www.ted.com/session/new?context=ted.www%2Fwatch-later,9f7b1654e792011b7e1c6f4288520226
bbef254b3f90c8278f977ea8121a57d2,https://www.ted.com/talks/alan_lupack_is_there_any_truth_to_the_king_arthur_legends,eb5a52bf4a178f542c5ba55a0bb718a2
bbef254b3f90c8278f977ea8121a57d2,https://www.ted.com/talks/alan_lupack_is_there_any_truth_to_the_king_arthur_legends,eb5a52bf4a178f542c5ba55a0bb718a2
bbef254b3f90c8278f977ea8121a57d2,https://www.ted.com/session/new?context=ted.www%2Fwatch-later,9f7b1654e792011b7e1c6f4288520226
bbef254b3f90c8278f977ea8121a57d2,https://www.ted.com/talks/theresa_a_yugar_history_s_worst_nun,2e4d2032ea0f0424ef2e5c0e54623374
bbef254b3f90c8278f977ea8121a57d2,https://www.ted.com/talks/theresa_a_yugar_history_s_worst_nun,2e4d2032ea0f0424ef2e5c0e54623374
bbef254b3f90c8278f977ea8121a57d2,https://www.ted.com/session/new?context=ted.www%2Fwatch-later,9f7b1654e792011b7e1c6f4288520226
bbef254b3f90c8278f977ea8121a57d2,https://www.ted.com/talks/marlene_daut_the_first_and_last_king_of_haiti,b7f12cfcea45028ccd2b8915ee7bef69
bbef254b3f90c8278f977ea8121a57d2,https://www.ted.com/talks/marlene_daut_the_first_and_last_king_of_haiti,b7f12cfcea45028ccd2b8915ee7bef69
bbef254b3f90c8278f977ea8121a57d2,https://www.ted.com/session/new?context=ted.www%2Fwatch-later,9f7b1654e792011b7e1c6f4288520226
bbef254b3f90c8278f977ea8121a57d2,https://www.ted.com/talks/pazit_cahlon_and_alex_gendler_what_machiavellian_really_means,b2c4ad425c37b1dc311684a6a2b9164a
bbef254b3f90c8278f977ea8121a57d2,https://www.ted.com/talks/pazit_cahlon_and_alex_gendler_what_machiavellian_really_means,b2c4ad425c37b1dc311684a6a2b9164a
bbef254b3f90c8278f977ea8121a57d2,https://www.ted.com/session/new?context=ted.www%2Fwatch-later,9f7b1654e792011b7e1c6f4288520226
bbef254b3f90c8278f977ea8121a57d2,https://www.ted.com/talks/jesse_byock_the_secret_messages_of_viking_runestones,dd77f7d775c284daf6122bb588cf5fc8
bbef254b3f90c8278f977ea8121a57d2,https://www.ted.com/talks/jesse_byock_the_secret_messages_of_viking_runestones,dd77f7d775c284daf6122bb588cf5fc8
bbef254b3f90c8278f977ea8121a57d2,https://www.ted.com/session/new?context=ted.www%2Fwatch-later,9f7b1654e792011b7e1c6f4288520226
bbef254b3f90c8278f977ea8121a57d2,https://www.ted.com/talks/jessica_smith_mansa_musa_one_of_the_wealthiest_people_who_ever_lived,c4291804c6d1858db2e004731c4fe951
bbef254b3f90c8278f977ea8121a57d2,https://www.ted.com/talks/jessica_smith_mansa_musa_one_of_the_wealthiest_people_who_ever_lived,c4291804c6d1858db2e004731c4fe951
bbef254b3f90c8278f977ea8121a57d2,https://www.ted.com/session/new?context=ted.www%2Fwatch-later,9f7b1654e792011b7e1c6f4288520226
0074c1012512e2dcf400b1e9c035208e,https://www.ted.com/talks/agnes_binagwaho_how_women_are_revolutionizing_rwanda,f14e7d08564e3ffc76e1b0d058170d4a
0074c1012512e2dcf400b1e9c035208e,https://www.ted.com/talks/agnes_binagwaho_how_women_are_revolutionizing_rwanda,f14e7d08564e3ffc76e1b0d058170d4a
0074c1012512e2dcf400b1e9c035208e,https://www.ted.com/session/new?context=ted.www%2Fwatch-later,9f7b1654e792011b7e1c6f4288520226
0074c1012512e2dcf400b1e9c035208e,https://www.ted.com/talks/wanjira_mathai_3_ways_to_uproot_a_culture_of_corruption,9d9f829178b889183e88238c5eaf6c72
0074c1012512e2dcf400b1e9c035208e,https://www.ted.com/talks/wanjira_mathai_3_ways_to_uproot_a_culture_of_corruption,9d9f829178b889183e88238c5eaf6c72
0074c1012512e2dcf400b1e9c035208e,https://www.ted.com/session/new?context=ted.www%2Fwatch-later,9f7b1654e792011b7e1c6f4288520226
0074c1012512e2dcf400b1e9c035208e,https://www.ted.com/talks/bright_simons_to_help_solve_global_problems_look_to_developing_countries,01f4042044d1b4f9bcaedcafd32d52e5
0074c1012512e2dcf400b1e9c035208e,https://www.ted.com/talks/bright_simons_to_help_solve_global_problems_look_to_developing_countries,01f4042044d1b4f9bcaedcafd32d52e5
0074c1012512e2dcf400b1e9c035208e,https://www.ted.com/session/new?context=ted.www%2Fwatch-later,9f7b1654e792011b7e1c6f4288520226
0074c1012512e2dcf400b1e9c035208e,https://www.ted.com/talks/henrietta_fore_how_we_can_help_young_people_build_a_better_future,ced4e964932814f3f185f0f88ce35b58
0074c1012512e2dcf400b1e9c035208e,https://www.ted.com/talks/henrietta_fore_how_we_can_help_young_people_build_a_better_future,ced4e964932814f3f185f0f88ce35b58
0074c1012512e2dcf400b1e9c035208e,https://www.ted.com/session/new?context=ted.www%2Fwatch-later,9f7b1654e792011b7e1c6f4288520226
0074c1012512e2dcf400b1e9c035208e,https://www.ted.com/talks/kakenya_ntaiya_empower_a_girl_transform_a_community,b13038c5f592eee06514a874becff56f
0074c1012512e2dcf400b1e9c035208e,https://www.ted.com/talks/kakenya_ntaiya_empower_a_girl_transform_a_community,b13038c5f592eee06514a874becff56f
0074c1012512e2dcf400b1e9c035208e,https://www.ted.com/session/new?context=ted.www%2Fwatch-later,9f7b1654e792011b7e1c6f4288520226
0074c1012512e2dcf400b1e9c035208e,https://www.ted.com/talks/shameem_akhtar_to_learn_is_to_be_free,d0373ae5fc0a7e28f370c1bc30f9b13b
0074c1012512e2dcf400b1e9c035208e,https://www.ted.com/talks/shameem_akhtar_to_learn_is_to_be_free,d0373ae5fc0a7e28f370c1bc30f9b13b
0074c1012512e2dcf400b1e9c035208e,https://www.ted.com/session/new?context=ted.www%2Fwatch-later,9f7b1654e792011b7e1c6f4288520226
5f8a936887d97bc9919f1a480d104afb,https://www.ted.com/talks/sara_menker_a_global_food_crisis_may_be_less_than_a_decade_away,067552d5d0c90feb7b4e1f3844f1ae3d
5f8a936887d97bc9919f1a480d104afb,https://www.ted.com/talks/sara_menker_a_global_food_crisis_may_be_less_than_a_decade_away,067552d5d0c90feb7b4e1f3844f1ae3d
5f8a936887d97bc9919f1a480d104afb,https://www.ted.com/session/new?context=ted.www%2Fwatch-later,9f7b1654e792011b7e1c6f4288520226
5f8a936887d97bc9919f1a480d104afb,https://www.ted.com/talks/mohammad_modarres_why_you_should_shop_at_your_local_farmers_market,5c8c2821a244cf3bf0e6f0a6ff56cf71
5f8a936887d97bc9919f1a480d104afb,https://www.ted.com/talks/mohammad_modarres_why_you_should_shop_at_your_local_farmers_market,5c8c2821a244cf3bf0e6f0a6ff56cf71
5f8a936887d97bc9919f1a480d104afb,https://www.ted.com/session/new?context=ted.www%2Fwatch-later,9f7b1654e792011b7e1c6f4288520226
5f8a936887d97bc9919f1a480d104afb,https://www.ted.com/talks/chris_a_kniesly_how_corn_conquered_the_world,946529e12e5b09844a0b6b2f788d4c52
5f8a936887d97bc9919f1a480d104afb,https://www.ted.com/talks/chris_a_kniesly_how_corn_conquered_the_world,946529e12e5b09844a0b6b2f788d4c52
5f8a936887d97bc9919f1a480d104afb,https://www.ted.com/session/new?context=ted.www%2Fwatch-later,9f7b1654e792011b7e1c6f4288520226
5f8a936887d97bc9919f1a480d104afb,https://www.ted.com/talks/andrew_youn_3_reasons_why_we_can_win_the_fight_against_poverty,2fcf79f3d75c4211d43e5804946f5667
5f8a936887d97bc9919f1a480d104afb,https://www.ted.com/talks/andrew_youn_3_reasons_why_we_can_win_the_fight_against_poverty,2fcf79f3d75c4211d43e5804946f5667
5f8a936887d97bc9919f1a480d104afb,https://www.ted.com/session/new?context=ted.www%2Fwatch-later,9f7b1654e792011b7e1c6f4288520226
5f8a936887d97bc9919f1a480d104afb,https://www.ted.com/talks/rose_goslinga_crop_insurance_an_idea_worth_seeding,cdddf277d4acc502d9f3a384a10e90f3
5f8a936887d97bc9919f1a480d104afb,https://www.ted.com/talks/rose_goslinga_crop_insurance_an_idea_worth_seeding,cdddf277d4acc502d9f3a384a10e90f3
5f8a936887d97bc9919f1a480d104afb,https://www.ted.com/session/new?context=ted.www%2Fwatch-later,9f7b1654e792011b7e1c6f4288520226
5f8a936887d97bc9919f1a480d104afb,https://www.ted.com/talks/su_kahumbu_how_we_can_help_hungry_kids_one_text_at_a_time,9634127e7bb6565e9f1473af13d68b0f
5f8a936887d97bc9919f1a480d104afb,https://www.ted.com/talks/su_kahumbu_how_we_can_help_hungry_kids_one_text_at_a_time,9634127e7bb6565e9f1473af13d68b0f
5f8a936887d97bc9919f1a480d104afb,https://www.ted.com/session/new?context=ted.www%2Fwatch-later,9f7b1654e792011b7e1c6f4288520226
1a9a6a4962016618a35dd84798a944d7,https://www.ted.com/talks/shohini_ghose_the_genius_of_marie_curie,15a8c652fdae0fd4852e4ea0817a9955
1a9a6a4962016618a35dd84798a944d7,https://www.ted.com/talks/shohini_ghose_the_genius_of_marie_curie,15a8c652fdae0fd4852e4ea0817a9955
1a9a6a4962016618a35dd84798a944d7,https://www.ted.com/session/new?context=ted.www%2Fwatch-later,9f7b1654e792011b7e1c6f4288520226
1a9a6a4962016618a35dd84798a944d7,https://www.ted.com/talks/emma_bryce_the_case_of_the_vanishing_honeybees,3b69284b0c12c0c3678139a3f5962bb5
1a9a6a4962016618a35dd84798a944d7,https://www.ted.com/talks/emma_bryce_the_case_of_the_vanishing_honeybees,3b69284b0c12c0c3678139a3f5962bb5
1a9a6a4962016618a35dd84798a944d7,https://www.ted.com/session/new?context=ted.www%2Fwatch-later,9f7b1654e792011b7e1c6f4288520226
1a9a6a4962016618a35dd84798a944d7,https://www.ted.com/talks/matt_porter_and_margaret_hamilton_how_one_woman_put_man_on_the_moon,0a32870bdf03f29da4951da4cc1c3880
1a9a6a4962016618a35dd84798a944d7,https://www.ted.com/talks/matt_porter_and_margaret_hamilton_how_one_woman_put_man_on_the_moon,0a32870bdf03f29da4951da4cc1c3880
1a9a6a4962016618a35dd84798a944d7,https://www.ted.com/session/new?context=ted.www%2Fwatch-later,9f7b1654e792011b7e1c6f4288520226
1a9a6a4962016618a35dd84798a944d7,https://www.ted.com/talks/rebecca_tarvin_why_don_t_poisonous_animals_poison_themselves,55c8b5738ae2caf439be001fc505cc36
1a9a6a4962016618a35dd84798a944d7,https://www.ted.com/talks/rebecca_tarvin_why_don_t_poisonous_animals_poison_themselves,55c8b5738ae2caf439be001fc505cc36
1a9a6a4962016618a35dd84798a944d7,https://www.ted.com/session/new?context=ted.www%2Fwatch-later,9f7b1654e792011b7e1c6f4288520226
1a9a6a4962016618a35dd84798a944d7,https://www.ted.com/talks/shimon_steinberg_natural_pest_control_using_bugs,983c58018bfc964c98f747c526b3304c
1a9a6a4962016618a35dd84798a944d7,https://www.ted.com/talks/shimon_steinberg_natural_pest_control_using_bugs,983c58018bfc964c98f747c526b3304c
1a9a6a4962016618a35dd84798a944d7,https://www.ted.com/session/new?context=ted.www%2Fwatch-later,9f7b1654e792011b7e1c6f4288520226
1a9a6a4962016618a35dd84798a944d7,https://www.ted.com/talks/alejandro_sanchez_alvarado_to_solve_old_problems_study_new_species,7abb5285b46956f93abdd548d7049eda
1a9a6a4962016618a35dd84798a944d7,https://www.ted.com/talks/alejandro_sanchez_alvarado_to_solve_old_problems_study_new_species,7abb5285b46956f93abdd548d7049eda
1a9a6a4962016618a35dd84798a944d7,https://www.ted.com/session/new?context=ted.www%2Fwatch-later,9f7b1654e792011b7e1c6f4288520226
6521f0504d531b20520cec1473a4550e,https://www.ted.com/talks/kai_fu_lee_how_ai_can_save_our_humanity,a984e19ae408f0c9caadf98fe10ab437
6521f0504d531b20520cec1473a4550e,https://www.ted.com/talks/kai_fu_lee_how_ai_can_save_our_humanity,a984e19ae408f0c9caadf98fe10ab437
6521f0504d531b20520cec1473a4550e,https://www.ted.com/session/new?context=ted.www%2Fwatch-later,9f7b1654e792011b7e1c6f4288520226
6521f0504d531b20520cec1473a4550e,https://www.ted.com/talks/nick_bostrom_what_happens_when_our_computers_get_smarter_than_we_are,a45098d064c5a2f7e2bcf82b72e3373c
6521f0504d531b20520cec1473a4550e,https://www.ted.com/talks/nick_bostrom_what_happens_when_our_computers_get_smarter_than_we_are,a45098d064c5a2f7e2bcf82b72e3373c
6521f0504d531b20520cec1473a4550e,https://www.ted.com/session/new?context=ted.www%2Fwatch-later,9f7b1654e792011b7e1c6f4288520226
6521f0504d531b20520cec1473a4550e,https://www.ted.com/talks/janelle_shane_the_danger_of_ai_is_weirder_than_you_think,ff1b281e654d2862ef87b7e1719afdfd
6521f0504d531b20520cec1473a4550e,https://www.ted.com/talks/janelle_shane_the_danger_of_ai_is_weirder_than_you_think,ff1b281e654d2862ef87b7e1719afdfd
6521f0504d531b20520cec1473a4550e,https://www.ted.com/session/new?context=ted.www%2Fwatch-later,9f7b1654e792011b7e1c6f4288520226
6521f0504d531b20520cec1473a4550e,https://www.ted.com/talks/noriko_arai_can_a_robot_pass_a_university_entrance_exam,1084c5aff454481806e196645756d6ab
6521f0504d531b20520cec1473a4550e,https://www.ted.com/talks/noriko_arai_can_a_robot_pass_a_university_entrance_exam,1084c5aff454481806e196645756d6ab
6521f0504d531b20520cec1473a4550e,https://www.ted.com/session/new?context=ted.www%2Fwatch-later,9f7b1654e792011b7e1c6f4288520226
6521f0504d531b20520cec1473a4550e,https://www.ted.com/talks/leila_takayama_what_s_it_like_to_be_a_robot,9f98a5fc3186ec558681753eb0b08c20
6521f0504d531b20520cec1473a4550e,https://www.ted.com/talks/leila_takayama_what_s_it_like_to_be_a_robot,9f98a5fc3186ec558681753eb0b08c20
6521f0504d531b20520cec1473a4550e,https://www.ted.com/session/new?context=ted.www%2Fwatch-later,9f7b1654e792011b7e1c6f4288520226
6521f0504d531b20520cec1473a4550e,https://www.ted.com/talks/guy_hoffman_robots_with_soul,89005b9c27378ccf7afddb715039672d
6521f0504d531b20520cec1473a4550e,https://www.ted.com/talks/guy_hoffman_robots_with_soul,89005b9c27378ccf7afddb715039672d
6521f0504d531b20520cec1473a4550e,https://www.ted.com/session/new?context=ted.www%2Fwatch-later,9f7b1654e792011b7e1c6f4288520226
1e7aa4ab0c99b7ae0939079e546ca811,https://www.ted.com/talks/adam_kucharski_how_can_we_control_the_coronavirus_pandemic,21e445747a81a2a3cc0ce460ecc7ff1a
1e7aa4ab0c99b7ae0939079e546ca811,https://www.ted.com/talks/adam_kucharski_how_can_we_control_the_coronavirus_pandemic,21e445747a81a2a3cc0ce460ecc7ff1a
1e7aa4ab0c99b7ae0939079e546ca811,https://www.ted.com/session/new?context=ted.www%2Fwatch-later,9f7b1654e792011b7e1c6f4288520226
1e7aa4ab0c99b7ae0939079e546ca811,https://www.ted.com/talks/david_heymann_what_we_do_and_don_t_know_about_the_coronavirus,34c18c78deb9e4a7f769eef0a24d47cd
1e7aa4ab0c99b7ae0939079e546ca811,https://www.ted.com/talks/david_heymann_what_we_do_and_don_t_know_about_the_coronavirus,34c18c78deb9e4a7f769eef0a24d47cd
1e7aa4ab0c99b7ae0939079e546ca811,https://www.ted.com/session/new?context=ted.www%2Fwatch-later,9f7b1654e792011b7e1c6f4288520226
1e7aa4ab0c99b7ae0939079e546ca811,https://www.ted.com/talks/pardis_sabeti_how_we_ll_fight_the_next_deadly_virus,be346db1e702e41a02a0837c605d83b5
1e7aa4ab0c99b7ae0939079e546ca811,https://www.ted.com/talks/pardis_sabeti_how_we_ll_fight_the_next_deadly_virus,be346db1e702e41a02a0837c605d83b5
1e7aa4ab0c99b7ae0939079e546ca811,https://www.ted.com/session/new?context=ted.www%2Fwatch-later,9f7b1654e792011b7e1c6f4288520226
1e7aa4ab0c99b7ae0939079e546ca811,https://www.ted.com/talks/soka_moses_for_survivors_of_ebola_the_crisis_isn_t_over,94e577e72b10be5ad8cb24aeecc68601
1e7aa4ab0c99b7ae0939079e546ca811,https://www.ted.com/talks/soka_moses_for_survivors_of_ebola_the_crisis_isn_t_over,94e577e72b10be5ad8cb24aeecc68601
1e7aa4ab0c99b7ae0939079e546ca811,https://www.ted.com/session/new?context=ted.www%2Fwatch-later,9f7b1654e792011b7e1c6f4288520226
1e7aa4ab0c99b7ae0939079e546ca811,https://www.ted.com/talks/bruce_aylward_humanity_vs_ebola_how_we_could_win_a_terrifying_war,e8e4ee0442fa2ee7f5df9486cff4ce79
1e7aa4ab0c99b7ae0939079e546ca811,https://www.ted.com/talks/bruce_aylward_humanity_vs_ebola_how_we_could_win_a_terrifying_war,e8e4ee0442fa2ee7f5df9486cff4ce79
1e7aa4ab0c99b7ae0939079e546ca811,https://www.ted.com/session/new?context=ted.www%2Fwatch-later,9f7b1654e792011b7e1c6f4288520226
1e7aa4ab0c99b7ae0939079e546ca811,https://www.ted.com/talks/bill_gates_the_next_outbreak_we_re_not_ready,d76a64163ba63feb27f2b612b0ef1999
1e7aa4ab0c99b7ae0939079e546ca811,https://www.ted.com/talks/bill_gates_the_next_outbreak_we_re_not_ready,d76a64163ba63feb27f2b612b0ef1999
1e7aa4ab0c99b7ae0939079e546ca811,https://www.ted.com/session/new?context=ted.www%2Fwatch-later,9f7b1654e792011b7e1c6f4288520226
21e445747a81a2a3cc0ce460ecc7ff1a,https://www.ted.com/talks/the_ted_interview_adam_kucharski_on_what_should_and_shouldn_t_worry_us_about_the_coronavirus,d4a08fc5a79139f7ea1e6fccac434048
21e445747a81a2a3cc0ce460ecc7ff1a,https://www.ted.com/talks/the_ted_interview_adam_kucharski_on_what_should_and_shouldn_t_worry_us_about_the_coronavirus,d4a08fc5a79139f7ea1e6fccac434048
21e445747a81a2a3cc0ce460ecc7ff1a,https://www.ted.com/session/new?context=ted.www%2Fwatch-later,9f7b1654e792011b7e1c6f4288520226
21e445747a81a2a3cc0ce460ecc7ff1a,https://www.ted.com/talks/david_heymann_what_we_do_and_don_t_know_about_the_coronavirus,34c18c78deb9e4a7f769eef0a24d47cd
21e445747a81a2a3cc0ce460ecc7ff1a,https://www.ted.com/talks/david_heymann_what_we_do_and_don_t_know_about_the_coronavirus,34c18c78deb9e4a7f769eef0a24d47cd
21e445747a81a2a3cc0ce460ecc7ff1a,https://www.ted.com/session/new?context=ted.www%2Fwatch-later,9f7b1654e792011b7e1c6f4288520226
21e445747a81a2a3cc0ce460ecc7ff1a,https://www.ted.com/talks/daniel_streicker_what_vaccinating_vampire_bats_can_teach_us_about_pandemics,9542b55449a28df3c8cd7d44866a5c58
21e445747a81a2a3cc0ce460ecc7ff1a,https://www.ted.com/talks/daniel_streicker_what_vaccinating_vampire_bats_can_teach_us_about_pandemics,9542b55449a28df3c8cd7d44866a5c58
21e445747a81a2a3cc0ce460ecc7ff1a,https://www.ted.com/session/new?context=ted.www%2Fwatch-later,9f7b1654e792011b7e1c6f4288520226
21e445747a81a2a3cc0ce460ecc7ff1a,https://www.ted.com/talks/bill_gates_how_we_must_respond_to_the_coronavirus_pandemic,801e86946c2329fd5726edc0bb3e963d
21e445747a81a2a3cc0ce460ecc7ff1a,https://www.ted.com/talks/bill_gates_how_we_must_respond_to_the_coronavirus_pandemic,801e86946c2329fd5726edc0bb3e963d
21e445747a81a2a3cc0ce460ecc7ff1a,https://www.ted.com/session/new?context=ted.www%2Fwatch-later,9f7b1654e792011b7e1c6f4288520226
21e445747a81a2a3cc0ce460ecc7ff1a,https://www.ted.com/talks/alanna_shaikh_why_covid_19_is_hitting_us_now_and_how_to_prepare_for_the_next_outbreak,1e7aa4ab0c99b7ae0939079e546ca811
21e445747a81a2a3cc0ce460ecc7ff1a,https://www.ted.com/talks/alanna_shaikh_why_covid_19_is_hitting_us_now_and_how_to_prepare_for_the_next_outbreak,1e7aa4ab0c99b7ae0939079e546ca811
21e445747a81a2a3cc0ce460ecc7ff1a,https://www.ted.com/session/new?context=ted.www%2Fwatch-later,9f7b1654e792011b7e1c6f4288520226
21e445747a81a2a3cc0ce460ecc7ff1a,https://www.ted.com/talks/seth_berkley_the_quest_for_the_coronavirus_vaccine,f5ae6143fa79ba55deb5e9e720b4c681
21e445747a81a2a3cc0ce460ecc7ff1a,https://www.ted.com/talks/seth_berkley_the_quest_for_the_coronavirus_vaccine,f5ae6143fa79ba55deb5e9e720b4c681
21e445747a81a2a3cc0ce460ecc7ff1a,https://www.ted.com/session/new?context=ted.www%2Fwatch-later,9f7b1654e792011b7e1c6f4288520226
8d2005ec35280deb6a438dc87b225f89,https://www.ted.com/talks/ronald_rael_an_architect_s_subversive_reimagining_of_the_us_mexico_border_wall,5bd34fcc55d9e1267f605fa0c060d54e
8d2005ec35280deb6a438dc87b225f89,https://www.ted.com/talks/ronald_rael_an_architect_s_subversive_reimagining_of_the_us_mexico_border_wall,5bd34fcc55d9e1267f605fa0c060d54e
8d2005ec35280deb6a438dc87b225f89,https://www.ted.com/session/new?context=ted.www%2Fwatch-later,9f7b1654e792011b7e1c6f4288520226
8d2005ec35280deb6a438dc87b225f89,https://www.ted.com/talks/megan_campisi_and_pen_pen_chen_what_makes_the_great_wall_of_china_so_extraordinary,fe35edd737282ab3a325f2387cf1b50b
8d2005ec35280deb6a438dc87b225f89,https://www.ted.com/talks/megan_campisi_and_pen_pen_chen_what_makes_the_great_wall_of_china_so_extraordinary,fe35edd737282ab3a325f2387cf1b50b
8d2005ec35280deb6a438dc87b225f89,https://www.ted.com/session/new?context=ted.www%2Fwatch-later,9f7b1654e792011b7e1c6f4288520226
8d2005ec35280deb6a438dc87b225f89,https://www.ted.com/talks/julia_dhar_how_to_disagree_productively_and_find_common_ground,d9896b41b372ec60cdd3c662e57caad3
8d2005ec35280deb6a438dc87b225f89,https://www.ted.com/talks/julia_dhar_how_to_disagree_productively_and_find_common_ground,d9896b41b372ec60cdd3c662e57caad3
8d2005ec35280deb6a438dc87b225f89,https://www.ted.com/session/new?context=ted.www%2Fwatch-later,9f7b1654e792011b7e1c6f4288520226
8d2005ec35280deb6a438dc87b225f89,https://www.ted.com/talks/anna_heringer_the_warmth_and_wisdom_of_mud_buildings,5134ae81a27c94354173f38e84289ad5
8d2005ec35280deb6a438dc87b225f89,https://www.ted.com/talks/anna_heringer_the_warmth_and_wisdom_of_mud_buildings,5134ae81a27c94354173f38e84289ad5
8d2005ec35280deb6a438dc87b225f89,https://www.ted.com/session/new?context=ted.www%2Fwatch-later,9f7b1654e792011b7e1c6f4288520226
